timestamp,robot2_j1_desired_pos,robot2_j1_desired_vel,robot2_j1_actual_pos,robot2_j1_actual_vel,robot2_j1_error_pos,robot2_j1_error_vel,robot2_j2_desired_pos,robot2_j2_desired_vel,robot2_j2_actual_pos,robot2_j2_actual_vel,robot2_j2_error_pos,robot2_j2_error_vel,robot2_j3_desired_pos,robot2_j3_desired_vel,robot2_j3_actual_pos,robot2_j3_actual_vel,robot2_j3_error_pos,robot2_j3_error_vel,robot2_j4_desired_pos,robot2_j4_desired_vel,robot2_j4_actual_pos,robot2_j4_actual_vel,robot2_j4_error_pos,robot2_j4_error_vel,robot2_j5_desired_pos,robot2_j5_desired_vel,robot2_j5_actual_pos,robot2_j5_actual_vel,robot2_j5_error_pos,robot2_j5_error_vel,robot2_j6_desired_pos,robot2_j6_desired_vel,robot2_j6_actual_pos,robot2_j6_actual_vel,robot2_j6_error_pos,robot2_j6_error_vel,
0,-7.22833e-05,2.61697e-05,-7.22865e-05,3.00795e-05,3.17475e-09,-3.90983e-06,-1.566,0.0343438,-1.56603,-0.00154698,3.5885e-05,0.0358908,-0.0866194,-0.333422,-0.0862861,-1.52375e-05,-0.000333351,-0.333407,-1.48494,0.346219,-1.48528,-4.99039e-05,0.000346211,0.346269,0.0916996,0.352775,0.091347,9.54723e-05,0.00035262,0.352679,1.93714e-05,-1.95396e-05,1.95425e-05,0.000151575,-1.71082e-07,-0.000171115,
0.0455599,-7.17608e-05,2.59593e-05,-7.17619e-05,3.25034e-05,1.06881e-09,-6.54412e-06,-1.56531,0.0340678,-1.56535,-0.00163472,3.57202e-05,0.0357025,-0.0932762,-0.330742,-0.0929453,-1.60304e-05,-0.000330898,-0.330726,-1.47803,0.343437,-1.47837,-4.73962e-05,0.000343662,0.343484,0.0987428,0.349939,0.0983928,9.84768e-05,0.000350023,0.349841,1.89813e-05,-1.93826e-05,1.91517e-05,0.000151023,-1.70375e-07,-0.000170405,
0.0912316,-7.12488e-05,2.5175e-05,-7.12473e-05,3.47821e-05,-1.5163e-09,-9.60714e-06,-1.56464,0.0330384,-1.56468,-0.00172119,3.47907e-05,0.0347596,-0.0997998,-0.320749,-0.0994787,-1.68117e-05,-0.000321034,-0.320732,-1.47125,0.33306,-1.47158,-4.49254e-05,0.000333418,0.333105,0.105645,0.339366,0.105305,0.00010144,0.000339584,0.339265,1.8599e-05,-1.87969e-05,1.87683e-05,0.000150489,-1.69245e-07,-0.000169286,
0.137392,-7.07549e-05,2.42289e-05,-7.07508e-05,3.68891e-05,-4.13593e-09,-1.26602e-05,-1.56399,0.0317969,-1.56403,-0.00180476,3.36294e-05,0.0336016,-0.106092,-0.308695,-0.105783,-1.75669e-05,-0.000308947,-0.308678,-1.46472,0.320544,-1.46504,-4.25375e-05,0.000320866,0.320586,0.112302,0.326613,0.111975,0.000104306,0.000326793,0.326508,1.82303e-05,-1.80906e-05,1.83983e-05,0.000149984,-1.68008e-07,-0.000168075,
0.182787,-7.02767e-05,2.37384e-05,-7.02705e-05,3.88698e-05,-6.18639e-09,-1.51314e-05,-1.56336,0.0311531,-1.5634,-0.00188541,3.30394e-05,0.0330385,-0.112186,-0.302445,-0.111883,-1.82954e-05,-0.000302436,-0.302427,-1.45839,0.314054,-1.4587,-4.02341e-05,0.000314103,0.314094,0.11875,0.32,0.11843,0.000107074,0.000319902,0.319893,1.78732e-05,-1.77243e-05,1.80403e-05,0.000149505,-1.67128e-07,-0.000167229,
0.228771,-6.98019e-05,2.37384e-05,-6.97942e-05,4.08167e-05,-7.66106e-09,-1.70783e-05,-1.56274,0.0311531,-1.56277,-0.00196491,3.3118e-05,0.033118,-0.118235,-0.302445,-0.117932,-1.90128e-05,-0.000302426,-0.302426,-1.45211,0.314054,-1.45242,-3.79643e-05,0.000314092,0.314092,0.12515,0.32,0.12483,0.000109807,0.00031989,0.31989,1.75187e-05,-1.77243e-05,1.76853e-05,0.00014904,-1.66651e-07,-0.000166764,
0.274911,-6.93271e-05,2.37384e-05,-6.9318e-05,4.27367e-05,-9.10145e-09,-1.89983e-05,-1.56212,0.0311531,-1.56215,-0.0020443,3.31974e-05,0.0331974,-0.124283,-0.302445,-0.123981,-1.97289e-05,-0.000302426,-0.302426,-1.44583,0.314054,-1.44614,-3.56979e-05,0.000314089,0.314089,0.13155,0.32,0.13123,0.000112541,0.000319887,0.319887,1.71642e-05,-1.77243e-05,1.73304e-05,0.000148584,-1.66185e-07,-0.000166309,
0.320571,-6.88524e-05,2.37384e-05,-6.88418e-05,4.46284e-05,-1.05083e-08,-2.08901e-05,-1.5615,0.0311531,-1.56153,-0.00212361,3.32767e-05,0.0332767,-0.130332,-0.302445,-0.13003,-2.04439e-05,-0.000302425,-0.302425,-1.43955,0.314054,-1.43986,-3.34338e-05,0.000314087,0.314087,0.13795,0.32,0.13763,0.000115279,0.000319885,0.319885,1.68097e-05,-1.77243e-05,1.69754e-05,0.000148138,-1.65728e-07,-0.000165862,
0.365997,-6.83776e-05,2.37384e-05,-6.83657e-05,4.64881e-05,-1.18778e-08,-2.27497e-05,-1.56087,0.0311531,-1.56091,-0.00220283,3.33559e-05,0.0333559,-0.136381,-0.302445,-0.136079,-2.11577e-05,-0.000302424,-0.302424,-1.43327,0.314054,-1.43358,-3.11713e-05,0.000314085,0.314085,0.14435,0.32,0.14403,0.000118026,0.000319882,0.319882,1.64552e-05,-1.77243e-05,1.66205e-05,0.000147701,-1.6528e-07,-0.000165426,
0.411809,-6.79028e-05,2.37384e-05,-6.78896e-05,4.8317e-05,-1.32113e-08,-2.45787e-05,-1.56025,0.0311531,-1.56028,-0.00228197,3.34351e-05,0.0334351,-0.14243,-0.302445,-0.142128,-2.18703e-05,-0.000302423,-0.302423,-1.42698,0.314054,-1.4273,-2.89114e-05,0.000314083,0.314083,0.15075,0.32,0.15043,0.000120778,0.000319879,0.319879,1.61007e-05,-1.77243e-05,1.62656e-05,0.000147274,-1.64842e-07,-0.000164999,
0.457241,-6.74281e-05,2.37384e-05,-6.74135e-05,5.01154e-05,-1.45082e-08,-2.6377e-05,-1.55963,0.0311531,-1.55966,-0.00236102,3.35141e-05,0.0335141,-0.148479,-0.302445,-0.148177,-2.25818e-05,-0.000302423,-0.302423,-1.4207,0.314054,-1.42102,-2.66544e-05,0.00031408,0.31408,0.15715,0.32,0.15683,0.000123534,0.000319876,0.319876,1.57463e-05,-1.77243e-05,1.59107e-05,0.000146857,-1.64414e-07,-0.000164581,
0.503506,-6.69533e-05,2.37384e-05,-6.69375e-05,5.18841e-05,-1.57703e-08,-2.81458e-05,-1.559,0.0311531,-1.55904,-0.00243997,3.35931e-05,0.0335931,-0.154528,-0.302445,-0.154226,-2.32922e-05,-0.000302422,-0.302422,-1.41442,0.314054,-1.41474,-2.44008e-05,0.000314078,0.314078,0.16355,0.32,0.16323,0.000126294,0.000319874,0.319874,1.53918e-05,-1.77243e-05,1.55558e-05,0.000146449,-1.63994e-07,-0.000164173,
0.549026,-6.64785e-05,2.37384e-05,-6.64615e-05,5.36193e-05,-1.6993e-08,-2.9881e-05,-1.55838,0.0311531,-1.55841,-0.00251882,3.36719e-05,0.0336719,-0.160577,-0.302445,-0.160275,-2.40013e-05,-0.000302421,-0.302421,-1.40814,0.314054,-1.40846,-2.21503e-05,0.000314076,0.314076,0.16995,0.32,0.16963,0.00012906,0.000319871,0.319871,1.50373e-05,-1.77243e-05,1.52009e-05,0.000146051,-1.63585e-07,-0.000163776,
0.59399,-6.60038e-05,2.37384e-05,-6.59856e-05,5.53199e-05,-1.81753e-08,-3.15815e-05,-1.55776,0.0311531,-1.55779,-0.00259757,3.37507e-05,0.0337507,-0.166626,-0.302445,-0.166323,-2.47092e-05,-0.000302421,-0.302421,-1.40186,0.314054,-1.40217,-1.9903e-05,0.000314074,0.314074,0.17635,0.32,0.17603,0.000131834,0.000319868,0.319868,1.46828e-05,-1.77243e-05,1.4846e-05,0.000145664,-1.63187e-07,-0.000163388,
0.640071,-6.5529e-05,2.37384e-05,-6.55097e-05,5.69847e-05,-1.9316e-08,-3.32463e-05,-1.55713,0.0311531,-1.55717,-0.00267621,3.38293e-05,0.0338293,-0.172675,-0.302445,-0.172372,-2.54156e-05,-0.00030242,-0.30242,-1.39558,0.314054,-1.39589,-1.76592e-05,0.000314071,0.314071,0.18275,0.32,0.18243,0.000134617,0.000319865,0.319865,1.43283e-05,-1.77243e-05,1.44911e-05,0.000145287,-1.62799e-07,-0.000163011,
0.686072,-6.50542e-05,2.37384e-05,-6.50338e-05,5.86128e-05,-2.0414e-08,-3.48744e-05,-1.55651,0.0311531,-1.55654,-0.00275474,3.39078e-05,0.0339078,-0.178724,-0.302445,-0.178421,-2.61208e-05,-0.000302419,-0.302419,-1.3893,0.314054,-1.38961,-1.54188e-05,0.000314069,0.314069,0.18915,0.32,0.18883,0.000137408,0.000319863,0.319863,1.39738e-05,-1.77243e-05,1.41363e-05,0.000144921,-1.62422e-07,-0.000162645,
0.731703,-6.45795e-05,2.37384e-05,-6.4558e-05,6.02046e-05,-2.14695e-08,-3.64662e-05,-1.55589,0.0311531,-1.55592,-0.00283316,3.39863e-05,0.0339863,-0.184773,-0.302445,-0.18447,-2.68246e-05,-0.000302418,-0.302418,-1.38302,0.314054,-1.38333,-1.31825e-05,0.000314067,0.314067,0.19555,0.32,0.19523,0.000140206,0.00031986,0.31986,1.36193e-05,-1.77243e-05,1.37814e-05,0.000144565,-1.62056e-07,-0.000162289,
0.77787,-6.41047e-05,2.37384e-05,-6.40822e-05,6.17588e-05,-2.24813e-08,-3.80204e-05,-1.55526,0.0311531,-1.5553,-0.00291146,3.40646e-05,0.0340646,-0.190821,-0.302445,-0.190519,-2.7527e-05,-0.000302418,-0.302418,-1.37674,0.314054,-1.37705,-1.09502e-05,0.000314065,0.314065,0.20195,0.32,0.20163,0.000143012,0.000319857,0.319857,1.32649e-05,-1.77243e-05,1.34266e-05,0.000144219,-1.61701e-07,-0.000161944,
0.823628,-6.36299e-05,2.37384e-05,-6.36065e-05,6.32729e-05,-2.34469e-08,-3.95346e-05,-1.55464,0.0311531,-1.55468,-0.00298963,3.41427e-05,0.0341427,-0.19687,-0.302445,-0.196568,-2.8228e-05,-0.000302417,-0.302417,-1.37046,0.314054,-1.37077,-8.72202e-06,0.000314062,0.314062,0.20835,0.32,0.20803,0.000145828,0.000319854,0.319854,1.29104e-05,-1.77243e-05,1.30717e-05,0.000143885,-1.61357e-07,-0.000161609,
0.86919,-6.31552e-05,2.37384e-05,-6.31308e-05,6.47463e-05,-2.4365e-08,-4.10079e-05,-1.55402,0.0311531,-1.55405,-0.00306768,3.42208e-05,0.0342208,-0.202919,-0.302445,-0.202617,-2.89275e-05,-0.000302416,-0.302416,-1.36417,0.314054,-1.36449,-6.49803e-06,0.00031406,0.31406,0.21475,0.32,0.21443,0.000148654,0.000319851,0.319851,1.25559e-05,-1.77243e-05,1.27169e-05,0.000143561,-1.61026e-07,-0.000161285,
0.914865,-6.26804e-05,2.37384e-05,-6.26551e-05,6.61818e-05,-2.52391e-08,-4.24435e-05,-1.5534,0.0311531,-1.55343,-0.0031456,3.42987e-05,0.0342987,-0.208968,-0.302445,-0.208666,-2.96256e-05,-0.000302416,-0.302416,-1.35789,0.314054,-1.35821,-4.27896e-06,0.000314058,0.314058,0.22115,0.32,0.22083,0.000151485,0.000319849,0.319849,1.22014e-05,-1.77243e-05,1.23621e-05,0.000143247,-1.60705e-07,-0.000160972,
0.960364,-6.22056e-05,2.37384e-05,-6.21796e-05,6.75741e-05,-2.60635e-08,-4.38357e-05,-1.55277,0.0311531,-1.55281,-0.00322337,3.43765e-05,0.0343765,-0.215017,-0.302445,-0.214715,-3.03222e-05,-0.000302415,-0.302415,-1.35161,0.314054,-1.35193,-2.06439e-06,0.000314056,0.314056,0.22755,0.32,0.22723,0.000154327,0.000319846,0.319846,1.18469e-05,-1.77243e-05,1.20073e-05,0.000142945,-1.60396e-07,-0.000160669,
1.0065,-6.17308e-05,2.37384e-05,-6.1704e-05,6.89195e-05,-2.68342e-08,-4.51811e-05,-1.55215,0.0311531,-1.55218,-0.00330101,3.44541e-05,0.0344541,-0.221066,-0.302445,-0.220764,-3.10171e-05,-0.000302414,-0.302414,-1.34533,0.314054,-1.34564,1.46311e-07,0.000314053,0.314053,0.23395,0.32,0.23363,0.000157185,0.000319843,0.319843,1.14924e-05,-1.77243e-05,1.16525e-05,0.000142653,-1.60102e-07,-0.000160377,
1.05202,-6.12561e-05,2.37384e-05,-6.12285e-05,7.02174e-05,-2.75511e-08,-4.64791e-05,-1.55153,0.0311531,-1.55156,-0.0033785,3.45316e-05,0.0345316,-0.227115,-0.302445,-0.226812,-3.17101e-05,-0.000302414,-0.302414,-1.33905,0.314054,-1.33936,2.35282e-06,0.000314051,0.314051,0.24035,0.32,0.24003,0.000160057,0.00031984,0.31984,1.11379e-05,-1.77243e-05,1.12978e-05,0.000142373,-1.59822e-07,-0.000160097,
1.09775,-6.07813e-05,2.37384e-05,-6.07531e-05,7.1469e-05,-2.82147e-08,-4.77306e-05,-1.5509,0.0311531,-1.55094,-0.00345583,3.46089e-05,0.0346089,-0.233164,-0.302445,-0.232861,-3.24015e-05,-0.000302413,-0.302413,-1.33277,0.314054,-1.33308,4.55436e-06,0.000314049,0.314049,0.24675,0.32,0.24643,0.000162943,0.000319837,0.319837,1.07835e-05,-1.77243e-05,1.0943e-05,0.000142103,-1.59557e-07,-0.000159828,
1.14331,-6.03065e-05,2.37384e-05,-6.02777e-05,7.26762e-05,-2.8827e-08,-4.89378e-05,-1.55028,0.0311531,-1.55032,-0.00353303,3.46861e-05,0.0346861,-0.239213,-0.302445,-0.23891,-3.30915e-05,-0.000302412,-0.302412,-1.32649,0.314054,-1.3268,6.75037e-06,0.000314047,0.314047,0.25315,0.32,0.25283,0.000165836,0.000319834,0.319834,1.0429e-05,-1.77243e-05,1.05883e-05,0.000141845,-1.59307e-07,-0.000159569,
1.189,-5.98318e-05,2.37384e-05,-5.98024e-05,7.3835e-05,-2.93843e-08,-5.00967e-05,-1.54966,0.0311531,-1.54969,-0.00361006,3.47632e-05,0.0347632,-0.245262,-0.302445,-0.244959,-3.37798e-05,-0.000302412,-0.302412,-1.32021,0.314054,-1.32052,8.94111e-06,0.000314045,0.314045,0.25955,0.32,0.25923,0.000168743,0.000319831,0.319831,1.00745e-05,-1.77243e-05,1.02336e-05,0.000141598,-1.59073e-07,-0.000159322,
1.23403,-5.9357e-05,2.37384e-05,-5.93271e-05,7.49447e-05,-2.98855e-08,-5.12063e-05,-1.54903,0.0311531,-1.54907,-0.00368694,3.484e-05,0.03484,-0.251311,-0.302445,-0.251008,-3.44663e-05,-0.000302411,-0.302411,-1.31393,0.314054,-1.31424,1.11264e-05,0.000314042,0.314042,0.26595,0.32,0.26563,0.000171662,0.000319828,0.319828,9.72e-06,-1.77243e-05,9.87886e-06,0.000141361,-1.58857e-07,-0.000159086,
1.27967,-5.88822e-05,2.37384e-05,-5.88527e-05,7.61365e-05,-2.9587e-08,-5.23981e-05,-1.54841,0.0311531,-1.54845,-0.00376391,3.4917e-05,0.034917,-0.257359,-0.302445,-0.257057,-3.51577e-05,-0.00030241,-0.30241,-1.30764,0.314054,-1.30796,1.33303e-05,0.00031404,0.31404,0.27235,0.32,0.27203,0.000174552,0.000319825,0.319825,9.36552e-06,-1.77243e-05,9.52404e-06,0.00014108,-1.58524e-07,-0.000158805,
1.32411,-5.84075e-05,2.37384e-05,-5.83402e-05,0.000137129,-6.72996e-08,-0.00011339,-1.54779,0.0311531,-1.54782,-0.00371826,3.48714e-05,0.0348714,-0.263408,-0.302445,-0.263106,-3.47838e-05,-0.000302411,-0.302411,-1.30136,0.314054,-1.30168,1.62737e-05,0.000314037,0.314037,0.27875,0.32,0.27843,0.000180852,0.000319819,0.319819,9.01103e-06,-1.77243e-05,9.16657e-06,0.000139398,-1.55541e-07,-0.000157123,
1.36753,-5.79327e-05,2.37384e-05,-5.78639e-05,0.000138901,-6.88443e-08,-0.000115163,-1.54717,0.0311531,-1.5472,-0.00379653,3.49496e-05,0.0349496,-0.269457,-0.302445,-0.269155,-3.54784e-05,-0.00030241,-0.30241,-1.29508,0.314054,-1.2954,1.84987e-05,0.000314035,0.314035,0.28515,0.32,0.28483,0.000183917,0.000319816,0.319816,8.65655e-06,-1.77243e-05,8.81172e-06,0.000139197,-1.55172e-07,-0.000156921,
1.41101,-5.74579e-05,2.37384e-05,-5.73877e-05,0.000140676,-7.01976e-08,-0.000116937,-1.54654,0.0311531,-1.54658,-0.00387442,3.50275e-05,0.0350275,-0.275506,-0.302445,-0.275204,-3.61694e-05,-0.000302409,-0.302409,-1.2888,0.314054,-1.28912,2.07057e-05,0.000314033,0.314033,0.29155,0.32,0.29123,0.000186989,0.000319813,0.319813,8.30206e-06,-1.77243e-05,8.45704e-06,0.000139023,-1.54983e-07,-0.000156747,
1.45446,-5.69832e-05,2.37384e-05,-5.69118e-05,0.000142395,-7.13507e-08,-0.000118657,-1.54592,0.0311531,-1.54595,-0.00395203,3.51051e-05,0.0351051,-0.281555,-0.302445,-0.281253,-3.68575e-05,-0.000302408,-0.302408,-1.28252,0.314054,-1.28283,2.29019e-05,0.000314031,0.314031,0.29795,0.32,0.29763,0.000190072,0.00031981,0.31981,7.94757e-06,-1.77243e-05,8.10245e-06,0.000138863,-1.54872e-07,-0.000156587,
1.49788,-5.65084e-05,2.37384e-05,-5.6436e-05,0.000144059,-7.24108e-08,-0.000120321,-1.5453,0.0311531,-1.54533,-0.00402942,3.51825e-05,0.0351825,-0.287604,-0.302445,-0.287302,-3.75435e-05,-0.000302408,-0.302408,-1.27624,0.314054,-1.27655,2.50897e-05,0.000314029,0.314029,0.30435,0.32,0.30403,0.000193168,0.000319807,0.319807,7.59309e-06,-1.77243e-05,7.7479e-06,0.000138715,-1.54814e-07,-0.00015644,
1.54134,-5.60336e-05,2.37384e-05,-5.59603e-05,0.000145665,-7.33906e-08,-0.000121927,-1.54467,0.0311531,-1.54471,-0.0041066,3.52597e-05,0.0352597,-0.293653,-0.302445,-0.29335,-3.82275e-05,-0.000302407,-0.302407,-1.26996,0.314054,-1.27027,2.72701e-05,0.000314026,0.314026,0.31075,0.32,0.31043,0.000196276,0.000319804,0.319804,7.2386e-06,-1.77243e-05,7.39341e-06,0.000138578,-1.54809e-07,-0.000156303,
1.58471,-5.55589e-05,2.37384e-05,-5.54846e-05,0.000147212,-7.42963e-08,-0.000123473,-1.54405,0.0311531,-1.54409,-0.00418358,3.53367e-05,0.0353367,-0.299702,-0.302445,-0.299399,-3.89095e-05,-0.000302406,-0.302406,-1.26368,0.314054,-1.26399,2.94434e-05,0.000314024,0.314024,0.31715,0.32,0.31683,0.000199397,0.000319801,0.319801,6.88412e-06,-1.77243e-05,7.03899e-06,0.000138452,-1.54869e-07,-0.000156177,
1.62796,-5.50841e-05,2.37384e-05,-5.5009e-05,0.000148698,-7.51286e-08,-0.000124959,-1.54343,0.0311531,-1.54346,-0.00426036,3.54135e-05,0.0354135,-0.305751,-0.302445,-0.305448,-3.95896e-05,-0.000302406,-0.302406,-1.2574,0.314054,-1.25771,3.16095e-05,0.000314022,0.314022,0.32355,0.32,0.32323,0.000202531,0.000319797,0.319797,6.52963e-06,-1.77243e-05,6.68465e-06,0.000138337,-1.55015e-07,-0.000156061,
1.67072,-5.46093e-05,2.37384e-05,-5.45335e-05,0.000150123,-7.58874e-08,-0.000126384,-1.5428,0.0311531,-1.54284,-0.00433694,3.549e-05,0.03549,-0.3118,-0.302445,-0.311497,-4.02677e-05,-0.000302405,-0.302405,-1.25111,0.314054,-1.25143,3.37684e-05,0.00031402,0.31402,0.32995,0.32,0.32963,0.000205677,0.000319794,0.319794,6.17515e-06,-1.77243e-05,6.33042e-06,0.000138231,-1.55277e-07,-0.000155955,
1.71411,-5.41346e-05,2.37384e-05,-5.4058e-05,0.000151486,-7.65721e-08,-0.000127748,-1.54218,0.0311531,-1.54222,-0.00441329,3.55664e-05,0.0355664,-0.317848,-0.302445,-0.317546,-4.09438e-05,-0.000302404,-0.302404,-1.24483,0.314054,-1.24515,3.59199e-05,0.000314018,0.314018,0.33635,0.32,0.33603,0.000208837,0.000319791,0.319791,5.82066e-06,-1.77243e-05,5.97636e-06,0.000138136,-1.55702e-07,-0.00015586,
1.75756,-5.36598e-05,2.37384e-05,-5.35826e-05,0.000152788,-7.71824e-08,-0.000129049,-1.54156,0.0311531,-1.54159,-0.00448944,3.56425e-05,0.0356425,-0.323897,-0.302445,-0.323595,-4.16179e-05,-0.000302404,-0.302404,-1.23855,0.314054,-1.23887,3.80638e-05,0.000314016,0.314016,0.34275,0.32,0.34243,0.000212008,0.000319788,0.319788,5.46617e-06,-1.77243e-05,5.62254e-06,0.000138051,-1.56365e-07,-0.000155775,
1.8004,-5.3185e-05,2.37384e-05,-5.31073e-05,0.000154027,-7.77179e-08,-0.000130289,-1.54093,0.0311531,-1.54097,-0.00456536,3.57185e-05,0.0357185,-0.329946,-0.302445,-0.329644,-4.22901e-05,-0.000302403,-0.302403,-1.23227,0.314054,-1.23259,4.01998e-05,0.000314013,0.314013,0.34915,0.32,0.34883,0.00021519,0.000319785,0.319785,5.11169e-06,-1.77243e-05,5.26909e-06,0.000137976,-1.57397e-07,-0.0001557,
1.8438,-5.27103e-05,2.37384e-05,-5.26321e-05,0.000155204,-7.81793e-08,-0.000131466,-1.54031,0.0311531,-1.54035,-0.00464105,3.57942e-05,0.0357942,-0.335995,-0.302445,-0.335693,-4.29603e-05,-0.000302402,-0.302402,-1.22599,0.314054,-1.2263,4.23276e-05,0.000314011,0.314011,0.35555,0.32,0.35523,0.000218383,0.000319782,0.319782,4.7572e-06,-1.77243e-05,4.91624e-06,0.000137911,-1.59042e-07,-0.000155635,
1.88718,-5.22355e-05,2.37384e-05,-5.21569e-05,0.000156318,-7.85648e-08,-0.00013258,-1.53969,0.0311531,-1.53972,-0.00471652,3.58696e-05,0.0358696,-0.342044,-0.302445,-0.341742,-4.36285e-05,-0.000302402,-0.302402,-1.21971,0.314054,-1.22002,4.44472e-05,0.000314009,0.314009,0.36195,0.32,0.36163,0.000221586,0.000319778,0.319778,4.40272e-06,-1.77243e-05,4.56455e-06,0.000137856,-1.61831e-07,-0.00015558,
1.93063,-5.17607e-05,2.37384e-05,-5.16819e-05,0.000157368,-7.8873e-08,-0.00013363,-1.53907,0.0311531,-1.5391,-0.00479176,3.59449e-05,0.0359449,-0.348093,-0.302445,-0.347791,-4.42946e-05,-0.000302401,-0.302401,-1.21343,0.314054,-1.21374,4.65588e-05,0.000314007,0.314007,0.36835,0.32,0.36803,0.0002248,0.000319775,0.319775,4.04823e-06,-1.77243e-05,4.21539e-06,0.000137811,-1.67164e-07,-0.000155535,
1.97392,-5.1286e-05,2.37384e-05,-5.12069e-05,0.000158354,-7.91038e-08,-0.000134616,-1.53844,0.0311531,-1.53848,-0.00486676,3.60199e-05,0.0360199,-0.354142,-0.302445,-0.35384,-4.49587e-05,-0.0003024,-0.3024,-1.20715,0.314054,-1.20746,4.8662e-05,0.000314005,0.314005,0.37475,0.32,0.37443,0.000228024,0.000319772,0.319772,3.69375e-06,-1.77243e-05,3.87433e-06,0.000137775,-1.80586e-07,-0.000155499,
2.01728,-5.08112e-05,2.37384e-05,-5.07319e-05,0.000159276,-7.92564e-08,-0.000135537,-1.53782,0.0311531,-1.53786,-0.00494152,3.60946e-05,0.0360946,-0.360191,-0.302445,-0.359888,-4.56207e-05,-0.0003024,-0.3024,-1.20087,0.314054,-1.20118,5.07567e-05,0.000314003,0.314003,0.38115,0.32,0.38083,0.000231256,0.000319769,0.319769,3.33926e-06,-1.77243e-05,3.61484e-06,0.000137748,-2.7558e-07,-0.000155473,
2.06063,-5.03364e-05,2.37384e-05,-5.02571e-05,0.000160132,-7.93309e-08,-0.000136394,-1.5372,0.0311531,-1.53723,-0.00501604,3.61691e-05,0.0361691,-0.36624,-0.302445,-0.365937,-4.62807e-05,-0.000302399,-0.302399,-1.19459,0.314054,-1.1949,5.28427e-05,0.000314001,0.314001,0.38755,0.32,0.38723,0.000234496,0.000319766,0.319766,2.98477e-06,-1.77243e-05,-3.63922e-06,0.000137731,6.62399e-06,-0.000155455,
2.10379,-4.98617e-05,2.37384e-05,-4.97823e-05,0.000160925,-7.93275e-08,-0.000137187,-1.53657,0.0311531,-1.53661,-0.00509031,3.62434e-05,0.0362434,-0.372289,-0.302445,-0.371986,-4.69386e-05,-0.000302398,-0.302398,-1.1883,0.314054,-1.18862,5.49197e-05,0.000313999,0.313999,0.39395,0.32,0.39363,0.000237744,0.000319762,0.319762,2.63029e-06,-1.77243e-05,4.0727e-06,0.000137723,-1.44241e-06,-0.000155447,
2.14706,-4.93869e-05,2.37384e-05,-4.93077e-05,0.000161654,-7.92464e-08,-0.000137915,-1.53595,0.0311531,-1.53599,-0.00516433,3.63174e-05,0.0363174,-0.378338,-0.302445,-0.378035,-4.75946e-05,-0.000302398,-0.302398,-1.18202,0.314054,-1.18234,5.69875e-05,0.000313997,0.313997,0.40035,0.32,0.40003,0.000240997,0.000319759,0.319759,2.2758e-06,-1.77243e-05,-3.68981e-06,0.000137724,5.96561e-06,-0.000155448,
2.19033,-4.89121e-05,2.37384e-05,-4.88331e-05,0.000162317,-7.90856e-08,-0.000138579,-1.53533,0.0311531,-1.53536,-0.0052381,3.63912e-05,0.0363912,-0.384386,-0.302445,-0.384084,-4.82484e-05,-0.000302397,-0.302397,-1.17574,0.314054,-1.17606,5.90461e-05,0.000313995,0.313995,0.40675,0.32,0.40643,0.000244257,0.000319756,0.319756,1.92132e-06,-1.77243e-05,3.81323e-06,0.000137734,-1.89191e-06,-0.000155458,
2.23362,-4.84374e-05,2.37384e-05,-4.83585e-05,0.000162915,-7.88452e-08,-0.000139177,-1.5347,0.0311531,-1.53474,-0.00531161,3.64647e-05,0.0364647,-0.390435,-0.302445,-0.390133,-4.89002e-05,-0.000302396,-0.302396,-1.16946,0.314054,-1.16977,6.10957e-05,0.000313993,0.313993,0.41315,0.32,0.41283,0.000247522,0.000319752,0.319752,1.56683e-06,-1.77243e-05,5.59544e-06,0.000137752,-4.02861e-06,-0.000155477,
2.2769,-4.79626e-05,2.37384e-05,-4.78841e-05,0.000163448,-7.8525e-08,-0.00013971,-1.53408,0.0311531,-1.53412,-0.00538486,3.6538e-05,0.036538,-0.396484,-0.302445,-0.396182,-4.95498e-05,-0.000302396,-0.302396,-1.16318,0.314054,-1.16349,6.31355e-05,0.00031399,0.31399,0.41955,0.32,0.41923,0.000250791,0.000319749,0.319749,1.21234e-06,-1.77243e-05,-3.77278e-06,0.000137781,4.98512e-06,-0.000155505,
2.32025,-4.74878e-05,2.37384e-05,-4.74097e-05,0.000163917,-7.81249e-08,-0.000140178,-1.53346,0.0311531,-1.53349,-0.00545785,3.6611e-05,0.036611,-0.402533,-0.302445,-0.402231,-5.01974e-05,-0.000302395,-0.302395,-1.1569,0.314054,-1.15721,6.51659e-05,0.000313988,0.313988,0.42595,0.32,0.42563,0.000254063,0.000319746,0.319746,8.57859e-07,-1.77243e-05,5.88159e-06,0.000137816,-5.02374e-06,-0.00015554,
2.36358,-4.70131e-05,2.37384e-05,-4.69354e-05,0.000164321,-7.76457e-08,-0.000140582,-1.53283,0.0311531,-1.53287,-0.00553058,3.66837e-05,0.0366837,-0.408582,-0.302445,-0.40828,-5.08429e-05,-0.000302394,-0.302394,-1.15062,0.314054,-1.15093,6.71861e-05,0.000313986,0.313986,0.43235,0.32,0.43203,0.000257337,0.000319743,0.319743,5.03373e-07,-1.77243e-05,5.29755e-06,0.000137861,-4.79418e-06,-0.000155585,
2.40642,-4.65383e-05,2.37384e-05,-4.64612e-05,0.000164661,-7.70874e-08,-0.000140922,-1.53221,0.0311531,-1.53225,-0.00560303,3.67561e-05,0.0367561,-0.414631,-0.302445,-0.414329,-5.14863e-05,-0.000302394,-0.302394,-1.14434,0.314054,-1.14465,6.91962e-05,0.000313984,0.313984,0.43875,0.32,0.43843,0.000260612,0.000319739,0.319739,1.48887e-07,-1.77243e-05,4.81434e-06,0.000137914,-4.66545e-06,-0.000155639,
2.45028,-4.60635e-05,2.37384e-05,-4.59871e-05,0.000164936,-7.64488e-08,-0.000141198,-1.53159,0.0311531,-1.53163,-0.00567521,3.68283e-05,0.0368283,-0.42068,-0.302445,-0.420377,-5.21276e-05,-0.000302393,-0.302393,-1.13806,0.314054,-1.13837,7.11961e-05,0.000313982,0.313982,0.44515,0.32,0.44483,0.000263887,0.000319736,0.319736,-2.05599e-07,-1.77243e-05,4.4411e-06,0.000137976,-4.64669e-06,-0.0001557,
2.49367,-4.55888e-05,2.37384e-05,-4.5513e-05,0.000165147,-7.573e-08,-0.000141409,-1.53097,0.0311531,-1.531,-0.00574711,3.69002e-05,0.0369002,-0.426729,-0.302445,-0.426426,-5.27668e-05,-0.000302393,-0.302393,-1.13177,0.314054,-1.13209,7.31858e-05,0.00031398,0.31398,0.45155,0.32,0.45123,0.000267162,0.000319733,0.319733,-5.60084e-07,-1.77243e-05,4.17978e-06,0.000138046,-4.73986e-06,-0.00015577,
2.53648,-4.5114e-05,2.37384e-05,-4.50391e-05,0.000165294,-7.49312e-08,-0.000141556,-1.53034,0.0311531,-1.53038,-0.00581873,3.69718e-05,0.0369718,-0.432778,-0.302445,-0.432475,-5.34039e-05,-0.000302392,-0.302392,-1.12549,0.314054,-1.12581,7.51649e-05,0.000313978,0.313978,0.45795,0.32,0.45763,0.000270434,0.00031973,0.31973,-9.1457e-07,-1.77243e-05,4.02437e-06,0.000138124,-4.93894e-06,-0.000155848,
2.57997,-4.46392e-05,2.37384e-05,-4.45652e-05,0.000165378,-7.40525e-08,-0.000141639,-1.52972,0.0311531,-1.52976,-0.00589007,3.70432e-05,0.0370432,-0.438827,-0.302445,-0.438524,-5.40388e-05,-0.000302391,-0.302391,-1.11921,0.314054,-1.11953,7.71333e-05,0.000313976,0.313976,0.46435,0.32,0.46403,0.000273704,0.000319726,0.319726,-1.26906e-06,-1.77243e-05,3.96266e-06,0.00013821,-5.23171e-06,-0.000155934,
2.62331,-4.41645e-05,2.37384e-05,-4.40914e-05,0.000165399,-7.30952e-08,-0.000141661,-1.5291,0.0311531,-1.52913,-0.00596113,3.71142e-05,0.0371142,-0.444876,-0.302445,-0.444573,-5.46716e-05,-0.000302391,-0.302391,-1.11293,0.314054,-1.11325,7.90906e-05,0.000313975,0.313975,0.47075,0.32,0.47043,0.000276968,0.000319723,0.319723,-1.62354e-06,-1.77243e-05,4.66672e-06,0.000138303,-6.29026e-06,-0.000156028,
2.6666,-4.36897e-05,2.37384e-05,-4.36153e-05,0.000138566,-7.43886e-08,-0.000114827,-1.52847,0.0311531,-1.52851,-0.00617574,3.73288e-05,0.0373288,-0.450924,-0.302445,-0.450622,-5.64002e-05,-0.000302389,-0.302389,-1.10665,0.314054,-1.10696,8.06437e-05,0.000313973,0.313973,0.47715,0.32,0.47683,0.000279474,0.000319721,0.319721,-1.97803e-06,-1.77243e-05,-5.86452e-06,0.000140124,3.88649e-06,-0.000157849,
2.7105,-4.32149e-05,2.37384e-05,-4.31435e-05,0.000165788,-7.14701e-08,-0.000142049,-1.52785,0.0311531,-1.52789,-0.00609661,3.72497e-05,0.0372497,-0.456973,-0.302445,-0.456671,-5.58806e-05,-0.000302389,-0.302389,-1.10037,0.314054,-1.10068,8.2736e-05,0.000313971,0.313971,0.48355,0.32,0.48323,0.000283178,0.000319717,0.319717,-2.33251e-06,-1.77243e-05,4.20193e-06,0.000138582,-6.53444e-06,-0.000156306,
2.75423,-4.27402e-05,2.37384e-05,-4.2669e-05,0.000163839,-7.11451e-08,-0.0001401,-1.52723,0.0311531,-1.52726,-0.00618416,3.73373e-05,0.0373373,-0.463022,-0.302445,-0.46272,-5.66522e-05,-0.000302389,-0.302389,-1.09409,0.314054,-1.0944,8.53792e-05,0.000313968,0.313968,0.48995,0.32,0.48963,0.000287304,0.000319713,0.319713,-2.687e-06,-1.77243e-05,-4.25924e-06,0.00013842,1.57224e-06,-0.000156145,
2.79697,-4.22654e-05,2.37384e-05,-4.21933e-05,0.000140526,-7.20753e-08,-0.000116788,-1.5266,0.0311531,-1.52664,-0.0063732,3.75263e-05,0.0375263,-0.469071,-0.302445,-0.468769,-5.81643e-05,-0.000302387,-0.302387,-1.08781,0.314054,-1.08812,8.62563e-05,0.000313967,0.313967,0.49635,0.32,0.49603,0.000288867,0.000319711,0.319711,-3.04148e-06,-1.77243e-05,-4.09059e-06,0.00014038,1.0491e-06,-0.000158104,
2.83932,-4.17906e-05,2.37384e-05,-4.1723e-05,0.000165074,-6.76204e-08,-0.000141336,-1.52598,0.0311531,-1.52602,-0.00630671,3.74598e-05,0.0374598,-0.47512,-0.302445,-0.474818,-5.7757e-05,-0.000302388,-0.302388,-1.08153,0.314054,-1.08184,8.84878e-05,0.000313965,0.313965,0.50275,0.32,0.50243,0.000292905,0.000319707,0.319707,-3.39597e-06,-1.77243e-05,-4.1746e-06,0.000138953,7.78631e-07,-0.000156677,
2.88086,-4.13159e-05,2.37384e-05,-4.12484e-05,0.000163062,-6.74507e-08,-0.000139324,-1.52536,0.0311531,-1.5254,-0.00639212,3.75452e-05,0.0375452,-0.481169,-0.302445,-0.480867,-5.8512e-05,-0.000302387,-0.302387,-1.07524,0.314054,-1.07556,9.10457e-05,0.000313963,0.313963,0.50915,0.32,0.50883,0.000296937,0.000319703,0.319703,-3.75046e-06,-1.77243e-05,4.14305e-06,0.000138839,-7.89351e-06,-0.000156564,
2.92373,-4.08411e-05,2.37384e-05,-4.07735e-05,0.000140065,-6.75959e-08,-0.000116327,-1.52473,0.0311531,-1.52477,-0.00657174,3.77248e-05,0.0377248,-0.487218,-0.302445,-0.486915,-5.99477e-05,-0.000302385,-0.302385,-1.06896,0.314054,-1.06928,9.18415e-05,0.000313962,0.313962,0.51555,0.32,0.51523,0.000298241,0.000319702,0.319702,-4.10494e-06,-1.77243e-05,4.17579e-06,0.000140708,-8.28073e-06,-0.000158432,
2.96592,-4.03663e-05,2.37384e-05,-4.03033e-05,0.000163825,-6.3057e-08,-0.000140087,-1.52411,0.0311531,-1.52415,-0.00651405,3.76672e-05,0.0376672,-0.493267,-0.302445,-0.492964,-5.96133e-05,-0.000302386,-0.302386,-1.06268,0.314054,-1.063,9.41291e-05,0.000313959,0.313959,0.52195,0.32,0.52163,0.000302526,0.000319697,0.319697,-4.45943e-06,-1.77243e-05,-4.21906e-06,0.000139396,-2.40368e-07,-0.00015712,
3.00768,-3.98916e-05,2.37384e-05,-3.98285e-05,0.000161753,-6.30746e-08,-0.000138015,-1.52349,0.0311531,-1.52353,-0.00659735,3.77505e-05,0.0377505,-0.499316,-0.302445,-0.499013,-6.03519e-05,-0.000302385,-0.302385,-1.0564,0.314054,-1.05672,9.6602e-05,0.000313957,0.313957,0.52835,0.32,0.52803,0.000306455,0.000319694,0.319694,-4.81391e-06,-1.77243e-05,-4.62355e-06,0.000139329,-1.90369e-07,-0.000157053,
3.05006,-3.94168e-05,2.37384e-05,-3.93543e-05,0.000139076,-6.24946e-08,-0.000115337,-1.52287,0.0311531,-1.5229,-0.00676771,3.79208e-05,0.0379208,-0.505365,-0.302445,-0.505062,-6.17136e-05,-0.000302384,-0.302384,-1.05012,0.314054,-1.05043,9.73224e-05,0.000313956,0.313956,0.53475,0.32,0.53443,0.000307487,0.000319693,0.319693,-5.1684e-06,-1.77243e-05,-4.99072e-06,0.000141107,-1.7768e-07,-0.000158831,
3.09249,-3.8942e-05,2.37384e-05,-3.88842e-05,0.000162055,-5.77898e-08,-0.000138317,-1.52224,0.0311531,-1.52228,-0.00671859,3.78717e-05,0.0378717,-0.511413,-0.302445,-0.511111,-6.14494e-05,-0.000302384,-0.302384,-1.04384,0.314054,-1.04415,9.96559e-05,0.000313954,0.313954,0.54115,0.32,0.54083,0.000312009,0.000319688,0.319688,-5.52289e-06,-1.77243e-05,-5.34725e-06,0.00013991,-1.75638e-07,-0.000157635,
3.13475,-3.84673e-05,2.37384e-05,-3.84092e-05,0.00015993,-5.80329e-08,-0.000136192,-1.52162,0.0311531,-1.52166,-0.00679977,3.79529e-05,0.0379529,-0.517462,-0.302445,-0.51716,-6.21717e-05,-0.000302383,-0.302383,-1.03756,0.314054,-1.03787,0.000102042,0.000313952,0.313952,0.54755,0.32,0.54723,0.000315824,0.000319684,0.319684,-5.87737e-06,-1.77243e-05,-5.70476e-06,0.000139889,-1.72611e-07,-0.000157614,
3.17769,-3.79925e-05,2.37384e-05,-3.79358e-05,0.000159375,-5.66486e-08,-0.000135637,-1.521,0.0311531,-1.52103,-0.00686431,3.80174e-05,0.0380174,-0.523511,-0.302445,-0.523209,-6.27531e-05,-0.000302383,-0.302383,-1.03128,0.314054,-1.03159,0.000103762,0.00031395,0.31395,0.55395,0.32,0.55363,0.000318811,0.000319681,0.319681,-6.23186e-06,-1.77243e-05,-6.06061e-06,0.000140092,-1.71251e-07,-0.000157816,
3.22112,-3.75177e-05,2.37384e-05,-3.74604e-05,0.000136962,-5.73117e-08,-0.000113224,-1.52037,0.0311531,-1.52041,-0.00703689,3.819e-05,0.03819,-0.52956,-0.302445,-0.529258,-6.41345e-05,-0.000302381,-0.302381,-1.025,0.314054,-1.02531,0.000104461,0.000313949,0.313949,0.56035,0.32,0.56003,0.000319865,0.00031968,0.31968,-6.58634e-06,-1.77243e-05,-6.41713e-06,0.000141912,-1.69211e-07,-0.000159637,
3.26341,-3.7043e-05,2.37384e-05,-3.69902e-05,0.000157778,-5.27419e-08,-0.00013404,-1.51975,0.0311531,-1.51979,-0.00699693,3.815e-05,0.03815,-0.535609,-0.302445,-0.535307,-6.39492e-05,-0.000302381,-0.302381,-1.01872,0.314054,-1.01903,0.000107289,0.000313946,0.313946,0.56675,0.32,0.56643,0.000324908,0.000319675,0.319675,-6.94083e-06,-1.77243e-05,-6.77166e-06,0.000140522,-1.69171e-07,-0.000158246,
3.30561,-3.65682e-05,2.37384e-05,-3.65152e-05,0.000135726,-5.29887e-08,-0.000111988,-1.51913,0.0311531,-1.51917,-0.00716285,3.8316e-05,0.038316,-0.541658,-0.302445,-0.541356,-6.52774e-05,-0.00030238,-0.30238,-1.01243,0.314054,-1.01275,0.000107949,0.000313946,0.313946,0.57315,0.32,0.57283,0.000325773,0.000319674,0.319674,-7.29531e-06,-1.77243e-05,-7.12702e-06,0.000142276,-1.6829e-07,-0.00016,
3.3473,-3.60934e-05,2.37384e-05,-3.60449e-05,0.000155963,-4.85585e-08,-0.000132225,-1.5185,0.0311531,-1.51854,-0.00712847,3.82816e-05,0.0382816,-0.547707,-0.302445,-0.547405,-6.51382e-05,-0.00030238,-0.30238,-1.00615,0.314054,-1.00647,0.000110768,0.000313943,0.313943,0.57955,0.32,0.57923,0.000330919,0.000319669,0.319669,-7.6498e-06,-1.77243e-05,-7.48179e-06,0.000140984,-1.6801e-07,-0.000158708,
3.39054,-3.56187e-05,2.37384e-05,-3.5572e-05,0.000155097,-4.66717e-08,-0.000131358,-1.51788,0.0311531,-1.51792,-0.00719201,3.83451e-05,0.0383451,-0.553756,-0.302445,-0.553453,-6.57133e-05,-0.00030238,-0.30238,-0.999872,0.314054,-1.00019,0.000112434,0.000313941,0.313941,0.58595,0.32,0.58563,0.000333814,0.000319666,0.319666,-8.00429e-06,-1.77243e-05,-7.83654e-06,0.000141228,-1.67748e-07,-0.000158953,
3.43282,-3.51439e-05,2.37384e-05,-3.50995e-05,0.000154059,-4.43711e-08,-0.00013032,-1.51726,0.0311531,-1.5173,-0.00725699,3.84101e-05,0.0384101,-0.559805,-0.302445,-0.559502,-6.63023e-05,-0.000302379,-0.302379,-0.993591,0.314054,-0.993905,0.000114138,0.000313939,0.313939,0.59235,0.32,0.59203,0.000336755,0.000319663,0.319663,-8.35877e-06,-1.77243e-05,-8.19132e-06,0.000141481,-1.67455e-07,-0.000159205,
3.47511,-3.46691e-05,2.37384e-05,-3.46305e-05,0.000154405,-3.85949e-08,-0.000130666,-1.51663,0.0311531,-1.51667,-0.00730774,3.84608e-05,0.0384608,-0.565854,-0.302445,-0.565551,-6.67694e-05,-0.000302379,-0.302379,-0.98731,0.314054,-0.987624,0.000115236,0.000313938,0.313938,0.59875,0.32,0.59843,0.000338979,0.000319661,0.319661,-8.71326e-06,-1.77243e-05,-8.54542e-06,0.000141948,-1.67842e-07,-0.000159672,
3.51729,-3.41944e-05,2.37384e-05,-3.41567e-05,0.000151241,-3.76822e-08,-0.000127502,-1.51601,0.0311531,-1.51605,-0.00739434,3.85475e-05,0.0385474,-0.571903,-0.302445,-0.5716,-6.75464e-05,-0.000302378,-0.302378,-0.981029,0.314054,-0.981343,0.000117751,0.000313936,0.313936,0.60515,0.32,0.60483,0.000342918,0.000319657,0.319657,-9.06774e-06,-1.77243e-05,-8.90086e-06,0.000142021,-1.66883e-07,-0.000159745,
3.56018,-3.37196e-05,2.37384e-05,-3.36822e-05,0.000150802,-3.73574e-08,-0.000127063,-1.51539,0.0311531,-1.51543,-0.00744779,3.86009e-05,0.0386009,-0.577951,-0.302445,-0.577649,-6.80348e-05,-0.000302377,-0.302377,-0.974748,0.314054,-0.975061,0.000119095,0.000313935,0.313935,0.61155,0.32,0.61123,0.000345314,0.000319655,0.319655,-9.42223e-06,-1.77243e-05,-9.25514e-06,0.000142291,-1.67092e-07,-0.000160015,
3.60245,-3.32448e-05,2.37384e-05,-3.32121e-05,0.000149127,-3.27304e-08,-0.000125389,-1.51477,0.0311531,-1.5148,-0.00751688,3.867e-05,0.03867,-0.584,-0.302445,-0.583698,-6.86581e-05,-0.000302377,-0.302377,-0.968466,0.314054,-0.96878,0.000120901,0.000313933,0.313933,0.61795,0.32,0.61763,0.000348408,0.000319652,0.319652,-9.77672e-06,-1.77243e-05,-9.60994e-06,0.000142593,-1.66779e-07,-0.000160318,
3.64706,-3.27701e-05,2.37384e-05,-3.27393e-05,0.000147848,-3.07481e-08,-0.00012411,-1.51414,0.0311531,-1.51418,-0.00758063,3.87337e-05,0.0387337,-0.590049,-0.302445,-0.589747,-6.92414e-05,-0.000302376,-0.302376,-0.962185,0.314054,-0.962499,0.000122545,0.000313931,0.313931,0.62435,0.32,0.62403,0.000351198,0.000319649,0.319649,-1.01312e-05,-1.77243e-05,-9.9642e-06,0.000142885,-1.67001e-07,-0.000160609,
3.69262,-3.22953e-05,2.37384e-05,-3.22674e-05,0.000146566,-2.78522e-08,-0.000122827,-1.51352,0.0311531,-1.51356,-0.007643,3.87961e-05,0.0387961,-0.596098,-0.302445,-0.595796,-6.981e-05,-0.000302375,-0.302375,-0.955904,0.314054,-0.956218,0.000124138,0.000313929,0.313929,0.63075,0.32,0.63043,0.000353926,0.000319646,0.319646,-1.04857e-05,-1.77243e-05,-1.03187e-05,0.000143191,-1.67036e-07,-0.000160915,
3.73375,-3.18205e-05,2.37384e-05,-3.17957e-05,0.000145224,-2.48584e-08,-0.000121486,-1.5129,0.0311531,-1.51294,-0.00770542,3.88585e-05,0.0388585,-0.602147,-0.302445,-0.601845,-7.03802e-05,-0.000302375,-0.302375,-0.949623,0.314054,-0.949937,0.000125727,0.000313928,0.313928,0.63715,0.32,0.63683,0.000356633,0.000319643,0.319643,-1.08402e-05,-1.77243e-05,-1.06731e-05,0.000143506,-1.67116e-07,-0.000161231,
3.77424,-3.13458e-05,2.37384e-05,-3.1324e-05,0.000143839,-2.17376e-08,-0.000120101,-1.51227,0.0311531,-1.51231,-0.0077675,3.89206e-05,0.0389206,-0.608196,-0.302445,-0.607894,-7.09478e-05,-0.000302374,-0.302374,-0.943342,0.314054,-0.943656,0.0001273,0.000313926,0.313926,0.64355,0.32,0.64323,0.000359304,0.000319641,0.319641,-1.11947e-05,-1.77243e-05,-1.10274e-05,0.000143831,-1.67225e-07,-0.000161556,
3.81483,-3.0871e-05,2.37384e-05,-3.08525e-05,0.000142414,-1.84469e-08,-0.000118676,-1.51165,0.0311531,-1.51169,-0.00782921,3.89823e-05,0.0389823,-0.614245,-0.302445,-0.613943,-7.15128e-05,-0.000302374,-0.302374,-0.937061,0.314054,-0.937375,0.000128857,0.000313925,0.313925,0.64995,0.32,0.64963,0.000361937,0.000319638,0.319638,-1.15491e-05,-1.77243e-05,-1.13818e-05,0.000144166,-1.67361e-07,-0.00016189,
3.85539,-3.03962e-05,2.37384e-05,-3.03813e-05,0.000140949,-1.49511e-08,-0.000117211,-1.51103,0.0311531,-1.51107,-0.00789057,3.90437e-05,0.0390437,-0.620294,-0.302445,-0.619991,-7.20751e-05,-0.000302373,-0.302373,-0.93078,0.314054,-0.931094,0.000130396,0.000313923,0.313923,0.65635,0.32,0.65603,0.000364532,0.000319635,0.319635,-1.19036e-05,-1.77243e-05,-1.17361e-05,0.000144511,-1.67521e-07,-0.000162235,
3.89541,-2.99215e-05,2.37384e-05,-2.99103e-05,0.000139445,-1.11976e-08,-0.000115707,-1.5104,0.0311531,-1.51044,-0.00795157,3.91047e-05,0.0391047,-0.626343,-0.302445,-0.62604,-7.26347e-05,-0.000302373,-0.302373,-0.924499,0.314054,-0.924813,0.000131918,0.000313922,0.313922,0.66275,0.32,0.66243,0.000367088,0.000319633,0.319633,-1.22581e-05,-1.77243e-05,-1.20904e-05,0.000144865,-1.67704e-07,-0.000162589,
3.93612,-2.94467e-05,2.37384e-05,-2.94396e-05,0.000137904,-7.10823e-09,-0.000114165,-1.50978,0.0311531,-1.50982,-0.0080122,3.91653e-05,0.0391653,-0.632392,-0.302445,-0.632089,-7.31917e-05,-0.000302372,-0.302372,-0.918218,0.314054,-0.918532,0.000133422,0.00031392,0.31392,0.66915,0.32,0.66883,0.000369603,0.00031963,0.31963,-1.26126e-05,-1.77243e-05,-1.24447e-05,0.00014523,-1.6791e-07,-0.000162954,
3.97611,-2.89719e-05,2.37384e-05,-2.89694e-05,0.000136325,-2.56274e-09,-0.000112587,-1.50916,0.0311531,-1.5092,-0.00807247,3.92256e-05,0.0392256,-0.638441,-0.302445,-0.638138,-7.37458e-05,-0.000302372,-0.302372,-0.911937,0.314054,-0.912251,0.000134909,0.000313919,0.313919,0.67555,0.32,0.67523,0.000372077,0.000319628,0.319628,-1.29671e-05,-1.77243e-05,-1.2799e-05,0.000145605,-1.68136e-07,-0.000163329,
4.01671,-2.84972e-05,2.37384e-05,-2.84998e-05,0.000134711,2.63226e-09,-0.000110972,-1.50854,0.0311531,-1.50857,-0.00813238,3.92855e-05,0.0392855,-0.644489,-0.302445,-0.644187,-7.42972e-05,-0.000302371,-0.302371,-0.905656,0.314054,-0.90597,0.000136378,0.000313917,0.313917,0.68195,0.32,0.68163,0.00037451,0.000319625,0.319625,-1.33216e-05,-1.77243e-05,-1.31532e-05,0.000145991,-1.68382e-07,-0.000163715,
4.05718,-2.80224e-05,2.37384e-05,-2.80312e-05,0.000133061,8.80759e-09,-0.000109323,-1.50791,0.0311531,-1.50795,-0.00819191,3.9345e-05,0.039345,-0.650538,-0.302445,-0.650236,-7.48458e-05,-0.00030237,-0.30237,-0.899375,0.314054,-0.899689,0.000137829,0.000313916,0.313916,0.68835,0.32,0.68803,0.000376899,0.000319623,0.319623,-1.36761e-05,-1.77243e-05,-1.35074e-05,0.000146387,-1.68647e-07,-0.000164111,
4.09754,-2.75476e-05,2.37384e-05,-2.75642e-05,0.000131378,1.65774e-08,-0.00010764,-1.50729,0.0311531,-1.50733,-0.00825108,3.94042e-05,0.0394042,-0.656587,-0.302445,-0.656285,-7.53915e-05,-0.00030237,-0.30237,-0.893094,0.314054,-0.893408,0.000139262,0.000313914,0.313914,0.69475,0.32,0.69443,0.000379245,0.000319621,0.319621,-1.40305e-05,-1.77243e-05,-1.38616e-05,0.000146794,-1.68931e-07,-0.000164518,
4.13744,-2.70729e-05,2.37384e-05,-2.71001e-05,0.000129662,2.72226e-08,-0.000105923,-1.50667,0.0311531,-1.50671,-0.00830987,3.9463e-05,0.039463,-0.662636,-0.302445,-0.662334,-7.59344e-05,-0.000302369,-0.302369,-0.886813,0.314054,-0.887126,0.000140676,0.000313913,0.313913,0.70115,0.32,0.70083,0.000381547,0.000319618,0.319618,-1.4385e-05,-1.77243e-05,-1.42158e-05,0.000147212,-1.69233e-07,-0.000164936,
4.17803,-2.65981e-05,2.37384e-05,-2.6642e-05,0.000127914,4.39314e-08,-0.000104175,-1.50604,0.0311531,-1.50608,-0.00836829,3.95214e-05,0.0395214,-0.668685,-0.302445,-0.668383,-7.64744e-05,-0.000302369,-0.302369,-0.880531,0.314054,-0.880845,0.000142071,0.000313912,0.313912,0.70755,0.32,0.70723,0.000383803,0.000319616,0.319616,-1.47395e-05,-1.77243e-05,-1.457e-05,0.000147641,-1.69552e-07,-0.000165366,
4.21786,-2.61233e-05,2.37384e-05,-2.62007e-05,0.000126134,7.74147e-08,-0.000102396,-1.50542,0.0311531,-1.50546,-0.00842633,3.95794e-05,0.0395794,-0.674734,-0.302445,-0.674432,-7.70114e-05,-0.000302368,-0.302368,-0.87425,0.314054,-0.874564,0.000143448,0.00031391,0.31391,0.71395,0.32,0.71363,0.000386014,0.000319614,0.319614,-1.5094e-05,-1.77243e-05,-1.49241e-05,0.000148082,-1.69888e-07,-0.000165806,
4.25842,-2.56485e-05,2.37384e-05,-2.58441e-05,0.000124325,1.95519e-07,-0.000100587,-1.5048,0.0311531,-1.50484,-0.00848399,3.96371e-05,0.0396371,-0.680783,-0.302445,-0.68048,-7.75455e-05,-0.000302368,-0.302368,-0.867969,0.314054,-0.868283,0.000144805,0.000313909,0.313909,0.72035,0.32,0.72003,0.000388179,0.000319612,0.319612,-1.54485e-05,-1.77243e-05,-1.52782e-05,0.000148533,-1.70241e-07,-0.000166258,
4.29898,-2.51738e-05,2.37384e-05,-5.63929e-05,0.000122408,3.12191e-05,-9.86698e-05,-1.50417,0.0311531,-1.50421,-0.00854117,3.96943e-05,0.0396943,-0.686832,-0.302445,-0.686529,-7.80716e-05,-0.000302367,-0.302367,-0.861688,0.314054,-0.862002,0.000146134,0.000313907,0.313907,0.72675,0.32,0.72643,0.000390306,0.00031961,0.31961,-1.5803e-05,-1.77243e-05,-1.56324e-05,0.000149003,-1.70615e-07,-0.000166727,
4.33962,-2.4699e-05,2.37384e-05,-5.6556e-05,0.000120541,3.1857e-05,-9.68029e-05,-1.50355,0.0311531,-1.50359,-0.00859808,3.97512e-05,0.0397512,-0.692881,-0.302445,-0.692578,-7.85998e-05,-0.000302367,-0.302367,-0.855407,0.314054,-0.855721,0.000147454,0.000313906,0.313906,0.73315,0.32,0.73283,0.000392376,0.000319608,0.319608,-1.61575e-05,-1.77243e-05,-1.59865e-05,0.000149478,-1.71001e-07,-0.000167202,
4.37999,-2.42242e-05,2.37384e-05,-2.68123e-05,0.000118734,2.58805e-06,-9.49955e-05,-1.50293,0.0311531,-1.50297,-0.00865468,3.98078e-05,0.0398078,-0.69893,-0.302445,-0.698627,-7.91298e-05,-0.000302366,-0.302366,-0.849126,0.314054,-0.84944,0.000148762,0.000313905,0.313905,0.73955,0.32,0.73923,0.000394385,0.000319606,0.319606,-1.65119e-05,-1.77243e-05,-1.63405e-05,0.000149959,-1.714e-07,-0.000167683,
4.42053,-2.37495e-05,2.37384e-05,-3.11501e-05,0.000116832,7.40061e-06,-9.30937e-05,-1.5023,0.0311531,-1.50234,-0.00871077,3.98639e-05,0.0398639,-0.704978,-0.302445,-0.704676,-7.96532e-05,-0.000302366,-0.302366,-0.842845,0.314054,-0.843159,0.000150051,0.000313904,0.313904,0.74595,0.32,0.74563,0.000396367,0.000319604,0.319604,-1.68664e-05,-1.77243e-05,-1.66946e-05,0.000150452,-1.71808e-07,-0.000168176,
4.46094,-2.32747e-05,2.37384e-05,-2.75521e-05,0.000114881,4.27737e-06,-9.11431e-05,-1.50168,0.0311531,-1.50172,-0.00876653,3.99196e-05,0.0399196,-0.711027,-0.302445,-0.710725,-8.01712e-05,-0.000302365,-0.302365,-0.836564,0.314054,-0.836878,0.000151304,0.000313902,0.313902,0.75235,0.32,0.75203,0.00039828,0.000319602,0.319602,-1.72209e-05,-1.77243e-05,-1.70487e-05,0.000150966,-1.7225e-07,-0.000168691,
4.50144,-2.27999e-05,2.37384e-05,-2.60638e-05,0.000112891,3.26384e-06,-8.9153e-05,-1.50106,0.0311531,-1.5011,-0.00882189,3.9975e-05,0.039975,-0.717076,-0.302445,-0.716774,-8.06859e-05,-0.000302365,-0.302365,-0.830283,0.314054,-0.830597,0.000152541,0.000313901,0.313901,0.75875,0.32,0.75843,0.000400158,0.0003196,0.3196,-1.75754e-05,-1.77243e-05,-1.74027e-05,0.000151491,-1.72699e-07,-0.000169215,
4.54187,-2.23252e-05,2.37384e-05,-2.62445e-05,0.000110903,3.9193e-06,-8.71649e-05,-1.50044,0.0311531,-1.50048,-0.00887683,4.00299e-05,0.0400299,-0.723125,-0.302445,-0.722823,-8.11984e-05,-0.000302364,-0.302364,-0.824002,0.314054,-0.824316,0.00015376,0.0003139,0.3139,0.76515,0.32,0.76483,0.000401979,0.000319598,0.319598,-1.79299e-05,-1.77243e-05,-1.77567e-05,0.000152026,-1.73164e-07,-0.00016975,
4.58243,-2.18504e-05,2.37384e-05,-2.61921e-05,0.000108885,4.34165e-06,-8.5147e-05,-1.49981,0.0311531,-1.49985,-0.00893138,4.00845e-05,0.0400845,-0.729174,-0.302445,-0.728872,-8.17075e-05,-0.000302364,-0.302364,-0.817721,0.314054,-0.818035,0.000154958,0.000313899,0.313899,0.77155,0.32,0.77123,0.000403753,0.000319596,0.319596,-1.82844e-05,-1.77243e-05,-1.81107e-05,0.000152573,-1.73644e-07,-0.000170298,
4.62347,-2.13756e-05,2.37384e-05,-2.61898e-05,0.000106846,4.8142e-06,-8.31074e-05,-1.49919,0.0311531,-1.49923,-0.00898552,4.01386e-05,0.0401386,-0.735223,-0.302445,-0.734921,-8.22133e-05,-0.000302363,-0.302363,-0.81144,0.314054,-0.811754,0.000156136,0.000313897,0.313897,0.77795,0.32,0.77763,0.000405475,0.000319595,0.319595,-1.86389e-05,-1.77243e-05,-1.84647e-05,0.000153133,-1.74139e-07,-0.000170857,
4.66398,-2.09009e-05,2.37384e-05,-2.67374e-05,0.000104797,5.83651e-06,-8.1059e-05,-1.49857,0.0311531,-1.49861,-0.00903927,4.01924e-05,0.0401924,-0.741272,-0.302445,-0.74097,-8.27165e-05,-0.000302363,-0.302363,-0.805159,0.314054,-0.805472,0.000157296,0.000313896,0.313896,0.78435,0.32,0.78403,0.000407146,0.000319593,0.319593,-1.89933e-05,-1.77243e-05,-1.88187e-05,0.000153704,-1.74648e-07,-0.000171429,
4.7044,-2.04261e-05,2.37384e-05,-2.66194e-05,0.000102715,6.19328e-06,-7.89762e-05,-1.49794,0.0311531,-1.49798,-0.00909262,4.02457e-05,0.0402457,-0.747321,-0.302445,-0.747018,-8.32157e-05,-0.000302362,-0.302362,-0.798878,0.314054,-0.799191,0.000158432,0.000313895,0.313895,0.79075,0.32,0.79043,0.000408766,0.000319591,0.319591,-1.93478e-05,-1.77243e-05,-1.91727e-05,0.000154289,-1.75172e-07,-0.000172014,
4.74485,-1.99513e-05,2.37384e-05,-2.6528e-05,0.000100613,6.57664e-06,-7.68743e-05,-1.49732,0.0311531,-1.49736,-0.00914555,4.02987e-05,0.0402987,-0.75337,-0.302445,-0.753067,-8.37114e-05,-0.000302362,-0.302362,-0.792596,0.314054,-0.79291,0.000159547,0.000313894,0.313894,0.79715,0.32,0.79683,0.000410334,0.00031959,0.31959,-1.97023e-05,-1.77243e-05,-1.95266e-05,0.000154887,-1.75712e-07,-0.000172611,
4.78591,-1.94766e-05,2.37384e-05,-2.64655e-05,9.84918e-05,6.98888e-06,-7.47534e-05,-1.4967,0.0311531,-1.49674,-0.00919809,4.03512e-05,0.0403512,-0.759419,-0.302445,-0.759116,-8.42037e-05,-0.000302361,-0.302361,-0.786315,0.314054,-0.786629,0.000160641,0.000313893,0.313893,0.80355,0.32,0.80323,0.00041185,0.000319588,0.319588,-2.00568e-05,-1.77243e-05,-1.98805e-05,0.000155498,-1.76267e-07,-0.000173222,
4.82641,-1.90018e-05,2.37384e-05,-2.64343e-05,9.63527e-05,7.43245e-06,-7.26144e-05,-1.49607,0.0311531,-1.49611,-0.00925021,4.04033e-05,0.0404033,-0.765468,-0.302445,-0.765165,-8.46925e-05,-0.000302361,-0.302361,-0.780034,0.314054,-0.780348,0.000161713,0.000313892,0.313892,0.80995,0.32,0.80963,0.000413313,0.000319587,0.319587,-2.04113e-05,-1.77243e-05,-2.02345e-05,0.000156121,-1.76837e-07,-0.000173846,
4.86711,-1.8527e-05,2.37384e-05,-2.6437e-05,9.41963e-05,7.91e-06,-7.0458e-05,-1.49545,0.0311531,-1.49549,-0.00930192,4.0455e-05,0.040455,-0.771516,-0.302445,-0.771214,-8.51779e-05,-0.00030236,-0.30236,-0.773753,0.314054,-0.774067,0.000162763,0.000313891,0.313891,0.81635,0.32,0.81603,0.000414724,0.000319585,0.319585,-2.07658e-05,-1.77243e-05,-2.05884e-05,0.000156758,-1.77422e-07,-0.000174482,
4.90783,-1.80523e-05,2.37384e-05,-5.12172e-05,9.19319e-05,3.31649e-05,-6.81935e-05,-1.49483,0.0311531,-1.49487,-0.00935313,4.05062e-05,0.0405062,-0.777565,-0.302445,-0.777263,-8.56543e-05,-0.00030236,-0.30236,-0.767472,0.314054,-0.767786,0.000163781,0.00031389,0.31389,0.82275,0.32,0.82243,0.000416092,0.000319584,0.319584,-2.11203e-05,-1.77243e-05,-2.09422e-05,0.000157415,-1.78028e-07,-0.000175139,
4.94796,-1.75775e-05,2.37384e-05,-2.83888e-05,8.98393e-05,1.08113e-05,-6.6101e-05,-1.4942,0.0311531,-1.49425,-0.00940409,4.05572e-05,0.0405572,-0.783614,-0.302445,-0.783312,-8.61387e-05,-0.000302359,-0.302359,-0.761191,0.314054,-0.761505,0.000164805,0.000313889,0.313889,0.82915,0.32,0.82883,0.000417397,0.000319583,0.319583,-2.14747e-05,-1.77243e-05,-2.12961e-05,0.000158066,-1.78628e-07,-0.000175791,
4.988,-1.71027e-05,2.37384e-05,-4.95538e-05,8.75395e-05,3.24511e-05,-6.38011e-05,-1.49358,0.0311531,-1.49362,-0.0094545,4.06076e-05,0.0406076,-0.789663,-0.302445,-0.789361,-8.66075e-05,-0.000302359,-0.302359,-0.75491,0.314054,-0.755224,0.000165773,0.000313888,0.313888,0.83555,0.32,0.83523,0.000418649,0.000319581,0.319581,-2.18292e-05,-1.77243e-05,-2.165e-05,0.000158753,-1.79272e-07,-0.000176478,
5.02872,-1.6628e-05,2.37384e-05,2.67173e-05,8.54152e-05,-4.33453e-05,-6.16768e-05,-1.49296,0.0311531,-1.493,-0.00950463,4.06577e-05,0.0406577,-0.795712,-0.302445,-0.79541,-8.70839e-05,-0.000302358,-0.302358,-0.748629,0.314054,-0.748943,0.000166748,0.000313887,0.313887,0.84195,0.32,0.84163,0.000419836,0.00031958,0.31958,-2.21837e-05,-1.77243e-05,-2.20038e-05,0.000159434,-1.79909e-07,-0.000177158,
5.06876,-1.61532e-05,2.37384e-05,-2.78168e-05,8.31805e-05,1.16636e-05,-5.94421e-05,-1.49234,0.0311531,-1.49238,-0.00955422,4.07073e-05,0.0407073,-0.801761,-0.302445,-0.801459,-8.75516e-05,-0.000302358,-0.302358,-0.742348,0.314054,-0.742662,0.000167694,0.000313886,0.313886,0.84835,0.32,0.84803,0.000420993,0.000319579,0.319579,-2.25382e-05,-1.77243e-05,-2.23576e-05,0.000160132,-1.8056e-07,-0.000177857,
5.10937,-1.56784e-05,2.37384e-05,-4.63214e-05,8.08442e-05,3.0643e-05,-5.71059e-05,-1.49171,0.0311531,-1.49175,-0.00960337,4.07565e-05,0.0407565,-0.80781,-0.302445,-0.807508,-8.80097e-05,-0.000302357,-0.302357,-0.736067,0.314054,-0.736381,0.000168595,0.000313885,0.313885,0.85475,0.32,0.85443,0.000422084,0.000319578,0.319578,-2.28927e-05,-1.77243e-05,-2.27114e-05,0.000160859,-1.81247e-07,-0.000178583,
5.14998,-1.52037e-05,2.37384e-05,2.73103e-05,7.86795e-05,-4.2514e-05,-5.49412e-05,-1.49109,0.0311531,-1.49113,-0.00965223,4.08053e-05,0.0408053,-0.813859,-0.302445,-0.813556,-8.8475e-05,-0.000302357,-0.302357,-0.729786,0.314054,-0.7301,0.000169503,0.000313884,0.313884,0.86115,0.32,0.86083,0.000423112,0.000319577,0.319577,-2.32472e-05,-1.77243e-05,-2.30652e-05,0.000161579,-1.81927e-07,-0.000179303,
5.19062,-1.47289e-05,2.37384e-05,-2.73764e-05,7.64039e-05,1.26475e-05,-5.26655e-05,-1.49047,0.0311531,-1.49051,-0.00970054,4.08536e-05,0.0408536,-0.819908,-0.302445,-0.819605,-8.89313e-05,-0.000302356,-0.302356,-0.723505,0.314054,-0.723819,0.000170381,0.000313883,0.313883,0.86755,0.32,0.86723,0.000424109,0.000319576,0.319576,-2.36017e-05,-1.77243e-05,-2.3419e-05,0.000162317,-1.82622e-07,-0.000180041,
5.23123,-1.42541e-05,2.37384e-05,-4.33354e-05,7.40359e-05,2.90813e-05,-5.02975e-05,-1.48984,0.0311531,-1.48988,-0.0097484,4.09015e-05,0.0409015,-0.825957,-0.302445,-0.825654,-8.93782e-05,-0.000302356,-0.302356,-0.717224,0.314054,-0.717537,0.000171216,0.000313882,0.313882,0.87395,0.32,0.87363,0.00042504,0.000319575,0.319575,-2.39561e-05,-1.77243e-05,-2.37728e-05,0.000163082,-1.83352e-07,-0.000180807,
5.27125,-1.37794e-05,2.37384e-05,2.83096e-05,7.18376e-05,-4.2089e-05,-4.80993e-05,-1.48922,0.0311531,-1.48926,-0.00979597,4.09491e-05,0.0409491,-0.832006,-0.302445,-0.831703,-8.98321e-05,-0.000302355,-0.302355,-0.710943,0.314054,-0.711256,0.000172056,0.000313882,0.313882,0.88035,0.32,0.88003,0.000425908,0.000319574,0.319574,-2.43106e-05,-1.77243e-05,-2.41266e-05,0.000163842,-1.84076e-07,-0.000181566,
5.31196,-1.33046e-05,2.37384e-05,-2.7094e-05,6.95265e-05,1.37894e-05,-4.57882e-05,-1.4886,0.0311531,-1.48864,-0.00984299,4.09961e-05,0.0409961,-0.838054,-0.302445,-0.837752,-9.02766e-05,-0.000302355,-0.302355,-0.704661,0.314054,-0.704975,0.000172865,0.000313881,0.313881,0.88675,0.32,0.88643,0.000426745,0.000319573,0.319573,-2.46651e-05,-1.77243e-05,-2.44803e-05,0.00016462,-1.84814e-07,-0.000182344,
5.35321,-1.28298e-05,2.37384e-05,-4.06223e-05,6.71317e-05,2.77924e-05,-4.33933e-05,-1.48797,0.0311531,-1.48802,-0.00988955,4.10427e-05,0.0410427,-0.844103,-0.302445,-0.843801,-9.07122e-05,-0.000302355,-0.302355,-0.69838,0.314054,-0.698694,0.000173632,0.00031388,0.31388,0.89315,0.32,0.89283,0.000427516,0.000319572,0.319572,-2.50196e-05,-1.77243e-05,-2.4834e-05,0.000165425,-1.85587e-07,-0.000183149,
5.39426,-1.23551e-05,2.37384e-05,2.97683e-05,6.49062e-05,-4.21233e-05,-4.11679e-05,-1.48735,0.0311531,-1.48739,-0.00993582,4.10889e-05,0.0410889,-0.850152,-0.302445,-0.84985,-9.11543e-05,-0.000302354,-0.302354,-0.692099,0.314054,-0.692413,0.000174403,0.000313879,0.313879,0.89955,0.32,0.89923,0.000428224,0.000319572,0.319572,-2.53741e-05,-1.77243e-05,-2.51877e-05,0.000166223,-1.86352e-07,-0.000183947,
5.43607,-1.18803e-05,2.37384e-05,-2.69973e-05,6.25649e-05,1.5117e-05,-3.88266e-05,-1.48673,0.0311531,-1.48677,-0.00998151,4.11346e-05,0.0411346,-0.856201,-0.302445,-0.855899,-9.15869e-05,-0.000302354,-0.302354,-0.685818,0.314054,-0.686132,0.000175142,0.000313878,0.313878,0.90595,0.32,0.90563,0.000428902,0.000319571,0.319571,-2.57286e-05,-1.77243e-05,-2.55414e-05,0.000167041,-1.87133e-07,-0.000184765,
5.47784,-1.14055e-05,2.37384e-05,-3.82006e-05,6.01475e-05,2.67951e-05,-3.64092e-05,-1.4861,0.0311531,-1.48615,-0.0100268,4.11799e-05,0.0411799,-0.86225,-0.302445,-0.861948,-9.20107e-05,-0.000302353,-0.302353,-0.679537,0.314054,-0.679851,0.00017584,0.000313878,0.313878,0.91235,0.32,0.91203,0.000429513,0.00031957,0.31957,-2.60831e-05,-1.77243e-05,-2.58951e-05,0.000167884,-1.87948e-07,-0.000185609,
5.51936,-1.09308e-05,2.37384e-05,2.7045e-05,5.78868e-05,-3.79758e-05,-3.41485e-05,-1.48548,0.0311531,-1.48552,-0.0100717,4.12248e-05,0.0412248,-0.868299,-0.302445,-0.867997,-9.24406e-05,-0.000302353,-0.302353,-0.673256,0.314054,-0.67357,0.000176545,0.000313877,0.313877,0.91875,0.32,0.91843,0.000430075,0.00031957,0.31957,-2.64375e-05,-1.77243e-05,-2.62488e-05,0.000168719,-1.8875e-07,-0.000186444,
5.55995,-1.0456e-05,2.37384e-05,2.70951e-05,5.55365e-05,-3.75511e-05,-3.17981e-05,-1.48486,0.0311531,-1.4849,-0.0101161,4.12692e-05,0.0412692,-0.874348,-0.302445,-0.874045,-9.28614e-05,-0.000302352,-0.302352,-0.666975,0.314054,-0.667289,0.000177212,0.000313876,0.313876,0.92515,0.32,0.92483,0.000430583,0.000319569,0.319569,-2.6792e-05,-1.77243e-05,-2.66025e-05,0.000169578,-1.89578e-07,-0.000187302,
5.59998,-9.98123e-06,2.37384e-05,2.71696e-05,5.31803e-05,-3.71508e-05,-2.94419e-05,-1.48424,0.0311531,-1.48428,-0.01016,4.13131e-05,0.0413131,-0.880397,-0.302445,-0.880094,-9.3278e-05,-0.000302352,-0.302352,-0.660694,0.314054,-0.661008,0.000177855,0.000313876,0.313876,0.93155,0.32,0.93123,0.000431039,0.000319569,0.319569,-2.71465e-05,-1.77243e-05,-2.69561e-05,0.00017045,-1.90421e-07,-0.000188174,
5.64064,-9.50647e-06,2.37384e-05,2.72693e-05,5.08184e-05,-3.67758e-05,-2.708e-05,-1.48361,0.0311531,-1.48365,-0.0102035,4.13566e-05,0.0413566,-0.886446,-0.302445,-0.886143,-9.36904e-05,-0.000302352,-0.302352,-0.654413,0.314054,-0.654727,0.000178475,0.000313875,0.313875,0.93795,0.32,0.93763,0.000431442,0.000319569,0.319569,-2.7501e-05,-1.77243e-05,-2.73097e-05,0.000171334,-1.91277e-07,-0.000189058,
5.68123,-9.0317e-06,2.37384e-05,-4.26148e-05,4.83801e-05,3.35831e-05,-2.46417e-05,-1.48299,0.0311531,-1.48303,-0.0102465,4.13996e-05,0.0413996,-0.892495,-0.302445,-0.892192,-9.40944e-05,-0.000302351,-0.302351,-0.648132,0.314054,-0.648446,0.000179059,0.000313875,0.313875,0.94435,0.32,0.94403,0.000431793,0.000319568,0.319568,-2.78555e-05,-1.77243e-05,-2.76633e-05,0.00017224,-1.92157e-07,-0.000189964,
5.72132,-8.55693e-06,2.37384e-05,-4.41632e-05,4.6016e-05,3.56063e-05,-2.22777e-05,-1.48237,0.0311531,-1.48241,-0.0102891,4.14423e-05,0.0414422,-0.898543,-0.302445,-0.898241,-9.44988e-05,-0.000302351,-0.302351,-0.641851,0.314054,-0.642165,0.000179632,0.000313874,0.313874,0.95075,0.32,0.95043,0.000432088,0.000319568,0.319568,-2.821e-05,-1.77243e-05,-2.80169e-05,0.00017315,-1.93042e-07,-0.000190874,
5.7619,-8.08217e-06,2.37384e-05,-4.32864e-05,4.36405e-05,3.52043e-05,-1.99021e-05,-1.48174,0.0311531,-1.48179,-0.0103313,4.14844e-05,0.0414844,-0.904592,-0.302445,-0.90429,-9.48987e-05,-0.00030235,-0.30235,-0.63557,0.314054,-0.635884,0.000180181,0.000313873,0.313873,0.95715,0.32,0.95683,0.000432336,0.000319568,0.319568,-2.85645e-05,-1.77243e-05,-2.83705e-05,0.000174072,-1.93938e-07,-0.000191796,
5.80299,-7.6074e-06,2.37384e-05,-4.24304e-05,4.12621e-05,3.4823e-05,-1.75238e-05,-1.48112,0.0311531,-1.48116,-0.010373,4.15261e-05,0.0415261,-0.910641,-0.302445,-0.910339,-9.52944e-05,-0.00030235,-0.30235,-0.629289,0.314054,-0.629602,0.000180706,0.000313873,0.313873,0.96355,0.32,0.96323,0.000432533,0.000319567,0.319567,-2.89189e-05,-1.77243e-05,-2.87241e-05,0.000175007,-1.94847e-07,-0.000192731,
5.8436,-7.13263e-06,2.37384e-05,-4.15959e-05,3.88804e-05,3.44633e-05,-1.5142e-05,-1.4805,0.0311531,-1.48054,-0.0104142,4.15673e-05,0.0415673,-0.91669,-0.302445,-0.916388,-9.56858e-05,-0.00030235,-0.30235,-0.623008,0.314054,-0.623321,0.000181208,0.000313872,0.313872,0.96995,0.32,0.96963,0.000432679,0.000319567,0.319567,-2.92734e-05,-1.77243e-05,-2.90777e-05,0.000175953,-1.95768e-07,-0.000193678,
5.88374,-6.65786e-06,2.37384e-05,-4.07835e-05,3.64958e-05,3.41256e-05,-1.27575e-05,-1.47987,0.0311531,-1.47992,-0.010455,4.16081e-05,0.0416081,-0.922739,-0.302445,-0.922437,-9.60729e-05,-0.000302349,-0.302349,-0.616726,0.314054,-0.61704,0.000181685,0.000313872,0.313872,0.97635,0.32,0.97603,0.000432774,0.000319567,0.319567,-2.96279e-05,-1.77243e-05,-2.94312e-05,0.000176912,-1.96703e-07,-0.000194636,
5.92435,-6.1831e-06,2.37384e-05,-3.99939e-05,3.41089e-05,3.38108e-05,-1.03705e-05,-1.47925,0.0311531,-1.47929,-0.0104953,4.16484e-05,0.0416484,-0.928788,-0.302445,-0.928486,-9.64557e-05,-0.000302349,-0.302349,-0.610445,0.314054,-0.610759,0.000182139,0.000313871,0.313871,0.98275,0.32,0.98243,0.000432818,0.000319567,0.319567,-2.99824e-05,-1.77243e-05,-2.97848e-05,0.000177883,-1.97651e-07,-0.000195607,
5.96495,-5.70833e-06,2.37384e-05,-3.92277e-05,3.17199e-05,3.35193e-05,-7.98154e-06,-1.47863,0.0311531,-1.47867,-0.0105351,4.16882e-05,0.0416882,-0.934837,-0.302445,-0.934535,-9.6834e-05,-0.000302348,-0.302348,-0.604164,0.314054,-0.604478,0.00018257,0.000313871,0.313871,0.98915,0.32,0.98883,0.000432813,0.000319567,0.319567,-3.03369e-05,-1.77243e-05,-3.01383e-05,0.000178866,-1.98611e-07,-0.00019659,
6.00559,-5.23356e-06,2.37384e-05,-3.84855e-05,2.93293e-05,3.32519e-05,-5.59094e-06,-1.47801,0.0311531,-1.47805,-0.0105745,4.17276e-05,0.0417276,-0.940886,-0.302445,-0.940583,-9.72079e-05,-0.000302348,-0.302348,-0.597883,0.314054,-0.598197,0.000182976,0.000313871,0.313871,0.99555,0.32,0.99523,0.000432758,0.000319567,0.319567,-3.06914e-05,-1.77243e-05,-3.04918e-05,0.000179861,-1.99584e-07,-0.000197585,
6.0456,-4.7588e-06,2.37384e-05,-3.77679e-05,2.69374e-05,3.30091e-05,-3.19903e-06,-1.47738,0.0311531,-1.47742,-0.0106134,4.17665e-05,0.0417665,-0.946935,-0.302445,-0.946632,-9.75775e-05,-0.000302348,-0.302348,-0.591602,0.314054,-0.591916,0.000183358,0.00031387,0.31387,1.00195,0.32,1.00163,0.000432653,0.000319567,0.319567,-3.10459e-05,-1.77243e-05,-3.08453e-05,0.000180867,-2.00569e-07,-0.000198592,
6.0862,-4.28403e-06,2.37384e-05,-3.70755e-05,2.45447e-05,3.27915e-05,-8.06298e-07,-1.47676,0.0311531,-1.4768,-0.0106518,4.18049e-05,0.0418049,-0.952984,-0.302445,-0.952681,-9.79425e-05,-0.000302347,-0.302347,-0.585321,0.314054,-0.585635,0.000183717,0.00031387,0.31387,1.00835,0.32,1.00803,0.0004325,0.000319568,0.319568,-3.14003e-05,-1.77243e-05,-3.11988e-05,0.000181886,-2.01566e-07,-0.00019961,
6.12678,-3.80926e-06,2.37384e-05,-3.64087e-05,2.21514e-05,3.25995e-05,1.58691e-06,-1.47614,0.0311531,-1.47618,-0.0106897,4.18429e-05,0.0418428,-0.959033,-0.302445,-0.95873,-9.83031e-05,-0.000302347,-0.302347,-0.57904,0.314054,-0.579354,0.000184051,0.00031387,0.31387,1.01475,0.32,1.01443,0.000432297,0.000319568,0.319568,-3.17548e-05,-1.77243e-05,-3.15523e-05,0.000182915,-2.02575e-07,-0.00020064,
6.16745,-3.33449e-06,2.37384e-05,-3.57681e-05,1.97581e-05,3.24336e-05,3.98023e-06,-1.47551,0.0311531,-1.47555,-0.0107272,4.18803e-05,0.0418803,-0.965081,-0.302445,-0.964779,-9.86591e-05,-0.000302347,-0.302347,-0.572759,0.314054,-0.573073,0.000184362,0.000313869,0.313869,1.02115,0.32,1.02083,0.000432047,0.000319568,0.319568,-3.21093e-05,-1.77243e-05,-3.19057e-05,0.000183956,-2.03596e-07,-0.00020168,
6.20811,-2.85973e-06,2.37384e-05,-3.51539e-05,1.7365e-05,3.22941e-05,6.37332e-06,-1.47489,0.0311531,-1.47493,-0.0107642,4.19173e-05,0.0419173,-0.97113,-0.302445,-0.970828,-9.90106e-05,-0.000302346,-0.302346,-0.566478,0.314054,-0.566792,0.000184648,0.000313869,0.313869,1.02755,0.32,1.02723,0.000431748,0.000319568,0.319568,-3.24638e-05,-1.77243e-05,-3.22592e-05,0.000185008,-2.04629e-07,-0.000202733,
6.24809,-2.38496e-06,2.37384e-05,-3.45665e-05,1.49726e-05,3.21815e-05,8.76572e-06,-1.47427,0.0311531,-1.47431,-0.0108007,4.19538e-05,0.0419538,-0.977179,-0.302445,-0.976877,-9.93574e-05,-0.000302346,-0.302346,-0.560197,0.314054,-0.560511,0.000184911,0.000313869,0.313869,1.03395,0.32,1.03363,0.000431402,0.000319569,0.319569,-3.28183e-05,-1.77243e-05,-3.26126e-05,0.000186072,-2.05674e-07,-0.000203796,
6.2887,-1.91019e-06,2.37384e-05,-3.40062e-05,1.25811e-05,3.2096e-05,1.11572e-05,-1.47364,0.0311531,-1.47369,-0.0108368,4.19899e-05,0.0419899,-0.983228,-0.302445,-0.982926,-9.96997e-05,-0.000302346,-0.302346,-0.553916,0.314054,-0.55423,0.000185149,0.000313868,0.313868,1.04035,0.32,1.04003,0.000431008,0.000319569,0.319569,-3.31728e-05,-1.77243e-05,-3.2966e-05,0.000187146,-2.06729e-07,-0.00020487,
6.32993,-1.43543e-06,2.37384e-05,-3.34732e-05,1.01909e-05,3.20378e-05,1.35475e-05,-1.47302,0.0311531,-1.47306,-0.0108723,4.20254e-05,0.0420254,-0.989277,-0.302445,-0.988975,-0.000100037,-0.000302345,-0.302345,-0.547635,0.314054,-0.547949,0.000185363,0.000313868,0.313868,1.04675,0.32,1.04643,0.000430568,0.000319569,0.319569,-3.35273e-05,-1.77243e-05,-3.33195e-05,0.000188231,-2.07796e-07,-0.000205955,
6.37055,-9.60659e-07,2.37384e-05,-3.29676e-05,7.80213e-06,3.2007e-05,1.59362e-05,-1.4724,0.0311531,-1.47244,-0.0109074,4.20605e-05,0.0420605,-0.995326,-0.302445,-0.995024,-0.00010037,-0.000302345,-0.302345,-0.541354,0.314054,-0.541667,0.000185554,0.000313868,0.313868,1.05315,0.32,1.05283,0.000430081,0.00031957,0.31957,-3.38817e-05,-1.77243e-05,-3.36729e-05,0.000189326,-2.08874e-07,-0.00020705,
6.4112,-4.85892e-07,2.37384e-05,-3.24896e-05,5.41523e-06,3.20037e-05,1.83231e-05,-1.47177,0.0311531,-1.47182,-0.010942,4.20951e-05,0.0420951,-1.00137,-0.302445,-1.00107,-0.000100699,-0.000302345,-0.302345,-0.535073,0.314054,-0.535386,0.00018572,0.000313868,0.313868,1.05955,0.32,1.05923,0.000429548,0.00031957,0.31957,-3.42362e-05,-1.77243e-05,-3.40263e-05,0.000190432,-2.09963e-07,-0.000208156,
6.45196,-1.11251e-08,2.37384e-05,-3.2039e-05,3.03045e-06,3.20279e-05,2.07079e-05,-1.47115,0.0311531,-1.47119,-0.0109761,4.21292e-05,0.0421292,-1.00742,-0.302445,-1.00712,-0.000101022,-0.000302344,-0.302344,-0.528791,0.314054,-0.529105,0.000185862,0.000313868,0.313868,1.06595,0.32,1.06563,0.00042897,0.000319571,0.319571,-3.45907e-05,-1.77243e-05,-3.43797e-05,0.000191548,-2.11063e-07,-0.000209273,
6.49258,4.63642e-07,2.37384e-05,-3.16158e-05,6.48081e-07,3.20795e-05,2.30903e-05,-1.47053,0.0311531,-1.47057,-0.0110097,4.21628e-05,0.0421628,-1.01347,-0.302445,-1.01317,-0.000101341,-0.000302344,-0.302344,-0.52251,0.314054,-0.522824,0.00018598,0.000313868,0.313868,1.07235,0.32,1.07203,0.000428347,0.000319572,0.319572,-3.49452e-05,-1.77243e-05,-3.4733e-05,0.000192675,-2.12174e-07,-0.000210399,
6.5327,9.38409e-07,2.37384e-05,-3.122e-05,-1.7316e-06,3.21584e-05,2.547e-05,-1.46991,0.0311531,-1.46995,-0.0110428,4.21959e-05,0.0421959,-1.01952,-0.302445,-1.01922,-0.000101655,-0.000302344,-0.302344,-0.516229,0.314054,-0.516543,0.000186074,0.000313868,0.313868,1.07875,0.32,1.07843,0.000427678,0.000319572,0.319572,-3.52997e-05,-1.77243e-05,-3.50864e-05,0.000193811,-2.13294e-07,-0.000211536,
6.57331,1.41318e-06,2.37384e-05,-3.08512e-05,-4.10834e-06,3.22644e-05,2.78467e-05,-1.46928,0.0311531,-1.46932,-0.0110754,4.22285e-05,0.0422285,-1.02557,-0.302445,-1.02527,-0.000101965,-0.000302343,-0.302343,-0.509948,0.314054,-0.510262,0.000186144,0.000313867,0.313867,1.08515,0.32,1.08483,0.000426966,0.000319573,0.319573,-3.56542e-05,-1.77243e-05,-3.54398e-05,0.000194958,-2.14425e-07,-0.000212682,
6.61386,1.88794e-06,2.37384e-05,-3.05092e-05,-6.48186e-06,3.23971e-05,3.02202e-05,-1.46866,0.0311531,-1.4687,-0.0111075,4.22606e-05,0.0422606,-1.03162,-0.302445,-1.03132,-0.000102269,-0.000302343,-0.302343,-0.503667,0.314054,-0.503981,0.00018619,0.000313867,0.313867,1.09155,0.32,1.09123,0.00042621,0.000319574,0.319574,-3.60087e-05,-1.77243e-05,-3.57931e-05,0.000196113,-2.15567e-07,-0.000213838,
6.65443,2.36271e-06,2.37384e-05,-3.01937e-05,-8.85192e-06,3.25564e-05,3.25903e-05,-1.46804,0.0311531,-1.46808,-0.0111391,4.22922e-05,0.0422922,-1.03767,-0.302445,-1.03737,-0.000102569,-0.000302343,-0.302343,-0.497386,0.314054,-0.4977,0.000186212,0.000313867,0.313867,1.09795,0.32,1.09763,0.00042541,0.000319575,0.319575,-3.63631e-05,-1.77243e-05,-3.61464e-05,0.000197279,-2.16718e-07,-0.000215003,
6.69567,2.83748e-06,2.37384e-05,-2.99042e-05,-1.12183e-05,3.27417e-05,3.49566e-05,-1.46741,0.0311531,-1.46746,-0.0111702,4.23234e-05,0.0423233,-1.04372,-0.302445,-1.04341,-0.000102864,-0.000302342,-0.302342,-0.491105,0.314054,-0.491419,0.000186209,0.000313867,0.313867,1.10435,0.32,1.10403,0.000424568,0.000319575,0.319575,-3.67176e-05,-1.77243e-05,-3.64998e-05,0.000198454,-2.17878e-07,-0.000216178,
6.73572,3.31224e-06,2.37384e-05,-2.96403e-05,-1.35807e-05,3.29526e-05,3.73191e-05,-1.46679,0.0311531,-1.46683,-0.0112009,4.2354e-05,0.042354,-1.04977,-0.302445,-1.04946,-0.000103154,-0.000302342,-0.302342,-0.484824,0.314054,-0.485138,0.000186183,0.000313867,0.313867,1.11075,0.32,1.11043,0.000423683,0.000319576,0.319576,-3.70721e-05,-1.77243e-05,-3.68531e-05,0.000199638,-2.19048e-07,-0.000217362,
6.77631,3.78701e-06,2.37384e-05,-2.94016e-05,-1.5939e-05,3.31886e-05,3.96773e-05,-1.46617,0.0311531,-1.46621,-0.011231,4.23841e-05,0.0423841,-1.05582,-0.302445,-1.05551,-0.000103439,-0.000302342,-0.302342,-0.478543,0.314054,-0.478857,0.000186133,0.000313867,0.313867,1.11715,0.32,1.11683,0.000422755,0.000319577,0.319577,-3.74266e-05,-1.77243e-05,-3.72064e-05,0.000200831,-2.20228e-07,-0.000218555,
6.817,4.26178e-06,2.37384e-05,-2.91874e-05,-1.82928e-05,3.34492e-05,4.20312e-05,-1.46554,0.0311531,-1.46559,-0.0112606,4.24137e-05,0.0424137,-1.06186,-0.302445,-1.06156,-0.000103719,-0.000302342,-0.302342,-0.472262,0.314054,-0.472576,0.000186059,0.000313868,0.313868,1.12355,0.32,1.12323,0.000421787,0.000319578,0.319578,-3.77811e-05,-1.77243e-05,-3.75597e-05,0.000202032,-2.21417e-07,-0.000219757,
6.85752,4.73655e-06,2.37384e-05,-2.89973e-05,-2.06421e-05,3.37338e-05,4.43805e-05,-1.46492,0.0311531,-1.46496,-0.0112897,4.24428e-05,0.0424428,-1.06791,-0.302445,-1.06761,-0.000103994,-0.000302341,-0.302341,-0.465981,0.314054,-0.466295,0.000185961,0.000313868,0.313868,1.12995,0.32,1.12963,0.000420777,0.000319579,0.319579,-3.81356e-05,-1.77243e-05,-3.7913e-05,0.000203243,-2.22615e-07,-0.000220967,
6.89804,5.21131e-06,2.37384e-05,-2.88305e-05,-2.29866e-05,3.40419e-05,4.67249e-05,-1.4643,0.0311531,-1.46434,-0.0113183,4.24714e-05,0.0424714,-1.07396,-0.302445,-1.07366,-0.000104264,-0.000302341,-0.302341,-0.4597,0.314054,-0.460014,0.000185838,0.000313868,0.313868,1.13635,0.32,1.13603,0.000419727,0.00031958,0.31958,-3.84901e-05,-1.77243e-05,-3.82662e-05,0.000204462,-2.23821e-07,-0.000222186,
6.93867,5.68608e-06,2.37384e-05,-2.86865e-05,-2.53261e-05,3.43726e-05,4.90644e-05,-1.46367,0.0311531,-1.46372,-0.0113464,4.24995e-05,0.0424995,-1.08001,-0.302445,-1.07971,-0.000104529,-0.000302341,-0.302341,-0.453419,0.314054,-0.453732,0.000185692,0.000313868,0.313868,1.14275,0.32,1.14243,0.000418636,0.000319581,0.319581,-3.88446e-05,-1.77243e-05,-3.86195e-05,0.000205689,-2.25037e-07,-0.000223413,
6.97937,6.16085e-06,2.37384e-05,-2.85647e-05,-2.76604e-05,3.47255e-05,5.13987e-05,-1.46305,0.0311531,-1.46309,-0.0113739,4.2527e-05,0.042527,-1.08606,-0.302445,-1.08576,-0.00010479,-0.000302341,-0.302341,-0.447137,0.314054,-0.447451,0.000185522,0.000313868,0.313868,1.14915,0.32,1.14883,0.000417506,0.000319582,0.319582,-3.9199e-05,-1.77243e-05,-3.89728e-05,0.000206924,-2.2626e-07,-0.000224649,
7.0194,6.63561e-06,2.37384e-05,-2.84642e-05,-2.99893e-05,3.50998e-05,5.37276e-05,-1.46243,0.0311531,-1.46247,-0.011401,4.25541e-05,0.0425541,-1.09211,-0.302445,-1.09181,-0.000105045,-0.00030234,-0.30234,-0.440856,0.314054,-0.44117,0.000185328,0.000313868,0.313868,1.15555,0.32,1.15523,0.000416336,0.000319584,0.319584,-3.95535e-05,-1.77243e-05,-3.9326e-05,0.000208168,-2.27492e-07,-0.000225892,
7.0601,7.11038e-06,2.37384e-05,-2.83845e-05,-3.23126e-05,3.54949e-05,5.6051e-05,-1.46181,0.0311531,-1.46185,-0.0114275,4.25806e-05,0.0425806,-1.09816,-0.302445,-1.09786,-0.000105295,-0.00030234,-0.30234,-0.434575,0.314054,-0.434889,0.000185111,0.000313868,0.313868,1.16195,0.32,1.16163,0.000415128,0.000319585,0.319585,-3.9908e-05,-1.77243e-05,-3.96793e-05,0.000209419,-2.28733e-07,-0.000227143,
7.10068,7.58515e-06,2.37384e-05,-2.83249e-05,-3.46303e-05,3.591e-05,5.83687e-05,-1.46118,0.0311531,-1.46123,-0.0114535,4.26067e-05,0.0426066,-1.10421,-0.302445,-1.1039,-0.00010554,-0.00030234,-0.30234,-0.428294,0.314054,-0.428608,0.000184869,0.000313869,0.313869,1.16835,0.32,1.16803,0.000413882,0.000319586,0.319586,-4.02625e-05,-1.77243e-05,-4.00325e-05,0.000210678,-2.29981e-07,-0.000228402,
7.14128,8.05992e-06,2.37384e-05,-2.82846e-05,-3.69421e-05,3.63445e-05,6.06804e-05,-1.46056,0.0311531,-1.4606,-0.0114791,4.26322e-05,0.0426322,-1.11026,-0.302445,-1.10995,-0.00010578,-0.00030234,-0.30234,-0.422013,0.314054,-0.422327,0.000184604,0.000313869,0.313869,1.17475,0.32,1.17443,0.000412597,0.000319587,0.319587,-4.0617e-05,-1.77243e-05,-4.03857e-05,0.000211944,-2.31237e-07,-0.000229669,
7.18188,8.53468e-06,2.37384e-05,-2.8263e-05,-3.92478e-05,3.67977e-05,6.29862e-05,-1.45994,0.0311531,-1.45998,-0.011504,4.26571e-05,0.0426571,-1.1163,-0.302445,-1.116,-0.000106015,-0.000302339,-0.302339,-0.415732,0.314054,-0.416046,0.000184315,0.000313869,0.313869,1.18115,0.32,1.18083,0.000411276,0.000319589,0.319589,-4.09715e-05,-1.77243e-05,-4.0739e-05,0.000213218,-2.325e-07,-0.000230942,
7.2225,9.00945e-06,2.37384e-05,-2.82595e-05,-4.15474e-05,3.72689e-05,6.52857e-05,-1.45931,0.0311531,-1.45936,-0.0115285,4.26816e-05,0.0426816,-1.12235,-0.302445,-1.12205,-0.000106244,-0.000302339,-0.302339,-0.409451,0.314054,-0.409765,0.000184002,0.00031387,0.31387,1.18755,0.32,1.18723,0.000409917,0.00031959,0.31959,-4.1326e-05,-1.77243e-05,-4.10922e-05,0.000214499,-2.33771e-07,-0.000232223,
7.26313,9.48422e-06,2.37384e-05,3.73551e-05,-4.37444e-05,-2.78709e-05,6.74827e-05,-1.45869,0.0311531,-1.45873,-0.0115525,4.27056e-05,0.0427056,-1.1284,-0.302445,-1.1281,-0.000106474,-0.000302339,-0.302339,-0.40317,0.314054,-0.403484,0.000183677,0.00031387,0.31387,1.19395,0.32,1.19363,0.000408525,0.000319591,0.319591,-4.16804e-05,-1.77243e-05,-4.14454e-05,0.000215773,-2.35034e-07,-0.000233498,
7.3038,9.95898e-06,2.37384e-05,4.73324e-05,-4.60341e-05,-3.73734e-05,6.97725e-05,-1.45807,0.0311531,-1.45811,-0.0115759,4.2729e-05,0.042729,-1.13445,-0.302445,-1.13415,-0.000106693,-0.000302339,-0.302339,-0.396889,0.314054,-0.397203,0.000183315,0.00031387,0.31387,1.20035,0.32,1.20003,0.000407089,0.000319593,0.319593,-4.20349e-05,-1.77243e-05,-4.17986e-05,0.000217071,-2.36322e-07,-0.000234795,
7.34429,1.04338e-05,2.37384e-05,4.62009e-05,-4.83047e-05,-3.57671e-05,7.20431e-05,-1.45744,0.0311531,-1.45749,-0.0115988,4.27519e-05,0.0427519,-1.1405,-0.302445,-1.1402,-0.000106908,-0.000302338,-0.302338,-0.390608,0.314054,-0.390922,0.000182929,0.000313871,0.313871,1.20675,0.32,1.20643,0.000405618,0.000319594,0.319594,-4.23894e-05,-1.77243e-05,-4.21518e-05,0.000218372,-2.37616e-07,-0.000236097,
7.38482,1.09085e-05,2.37384e-05,4.71927e-05,-5.05773e-05,-3.62842e-05,7.43157e-05,-1.45682,0.0311531,-1.45686,-0.0116212,4.27743e-05,0.0427743,-1.14655,-0.302445,-1.14625,-0.000107117,-0.000302338,-0.302338,-0.384327,0.314054,-0.384641,0.000182522,0.000313871,0.313871,1.21315,0.32,1.21283,0.000404117,0.000319596,0.319596,-4.27439e-05,-1.77243e-05,-4.2505e-05,0.00021968,-2.38915e-07,-0.000237404,
7.42598,1.13833e-05,2.37384e-05,4.8206e-05,-5.28427e-05,-3.68227e-05,7.6581e-05,-1.4562,0.0311531,-1.45624,-0.011643,4.27961e-05,0.0427961,-1.1526,-0.302445,-1.1523,-0.000107321,-0.000302338,-0.302338,-0.378046,0.314054,-0.37836,0.000182091,0.000313872,0.313872,1.21955,0.32,1.21923,0.000402582,0.000319597,0.319597,-4.30984e-05,-1.77243e-05,-4.28582e-05,0.000220994,-2.4022e-07,-0.000238718,
7.46711,1.18581e-05,2.37384e-05,-3.15615e-05,-5.52117e-05,4.34195e-05,7.895e-05,-1.45557,0.0311531,-1.45562,-0.0116642,4.28173e-05,0.0428173,-1.15865,-0.302445,-1.15834,-0.000107514,-0.000302338,-0.302338,-0.371765,0.314054,-0.372079,0.000181633,0.000313872,0.313872,1.22595,0.32,1.22563,0.000401034,0.000319599,0.319599,-4.34529e-05,-1.77243e-05,-4.32113e-05,0.000222321,-2.41535e-07,-0.000240045,
7.50774,1.23328e-05,2.37384e-05,2.83949e-05,-5.7431e-05,-1.60621e-05,8.11693e-05,-1.45495,0.0311531,-1.45499,-0.011685,4.28381e-05,0.0428381,-1.1647,-0.302445,-1.16439,-0.000107708,-0.000302338,-0.302338,-0.365484,0.314054,-0.365797,0.000181151,0.000313872,0.313872,1.23235,0.32,1.23203,0.000399408,0.000319601,0.319601,-4.38074e-05,-1.77243e-05,-4.35645e-05,0.000223651,-2.42861e-07,-0.000241375,
7.54791,1.28076e-05,2.37384e-05,4.14015e-05,-5.95968e-05,-2.85939e-05,8.33351e-05,-1.45433,0.0311531,-1.45437,-0.0117053,4.28584e-05,0.0428584,-1.17074,-0.302445,-1.17044,-0.000107901,-0.000302337,-0.302337,-0.359202,0.314054,-0.359516,0.00018066,0.000313873,0.313873,1.23875,0.32,1.23843,0.000397779,0.000319602,0.319602,-4.41618e-05,-1.77243e-05,-4.39177e-05,0.000224971,-2.44171e-07,-0.000242695,
7.58845,1.32824e-05,2.37384e-05,-3.12225e-05,-6.19359e-05,4.45049e-05,8.56743e-05,-1.45371,0.0311531,-1.45375,-0.0117249,4.2878e-05,0.042878,-1.17679,-0.302445,-1.17649,-0.000108079,-0.000302337,-0.302337,-0.352921,0.314054,-0.353235,0.000180129,0.000313873,0.313873,1.24515,0.32,1.24483,0.000396122,0.000319604,0.319604,-4.45163e-05,-1.77243e-05,-4.42708e-05,0.000226317,-2.45509e-07,-0.000244042,
7.62902,1.37571e-05,2.37384e-05,2.86025e-05,-6.41457e-05,-1.48454e-05,8.7884e-05,-1.45308,0.0311531,-1.45313,-0.0117441,4.28972e-05,0.0428972,-1.18284,-0.302445,-1.18254,-0.000108256,-0.000302337,-0.302337,-0.34664,0.314054,-0.346954,0.000179577,0.000313874,0.313874,1.25155,0.32,1.25123,0.000394403,0.000319606,0.319606,-4.48708e-05,-1.77243e-05,-4.4624e-05,0.000227664,-2.46851e-07,-0.000245388,
7.66972,1.42319e-05,2.37384e-05,4.40496e-05,-6.62867e-05,-2.98177e-05,9.0025e-05,-1.45246,0.0311531,-1.4525,-0.0117627,4.29158e-05,0.0429158,-1.18889,-0.302445,-1.18859,-0.000108433,-0.000302337,-0.302337,-0.340359,0.314054,-0.340673,0.000179016,0.000313875,0.313875,1.25795,0.32,1.25763,0.000392677,0.000319607,0.319607,-4.52253e-05,-1.77243e-05,-4.49771e-05,0.000229,-2.48177e-07,-0.000246725,
7.71037,1.47067e-05,2.37384e-05,-3.00282e-05,-6.86033e-05,4.47348e-05,9.23417e-05,-1.45184,0.0311531,-1.45188,-0.0117807,4.29338e-05,0.0429338,-1.19494,-0.302445,-1.19464,-0.000108595,-0.000302337,-0.302337,-0.334078,0.314054,-0.334392,0.000178415,0.000313875,0.313875,1.26435,0.32,1.26403,0.000390926,0.000319609,0.319609,-4.55798e-05,-1.77243e-05,-4.53302e-05,0.000230363,-2.49532e-07,-0.000248087,
7.75095,1.51814e-05,2.37384e-05,2.89723e-05,-7.07933e-05,-1.37908e-05,9.45316e-05,-1.45121,0.0311531,-1.45126,-0.0117983,4.29514e-05,0.0429514,-1.20099,-0.302445,-1.20069,-0.000108756,-0.000302337,-0.302337,-0.327797,0.314054,-0.328111,0.000177793,0.000313876,0.313876,1.27075,0.32,1.27043,0.000389114,0.000319611,0.319611,-4.59343e-05,-1.77243e-05,-4.56834e-05,0.000231725,-2.50891e-07,-0.00024945,
7.79197,1.56562e-05,2.37384e-05,4.694e-05,-7.29086e-05,-3.12838e-05,9.6647e-05,-1.45059,0.0311531,-1.45063,-0.0118153,4.29684e-05,0.0429684,-1.20704,-0.302445,-1.20674,-0.000108917,-0.000302336,-0.302336,-0.321516,0.314054,-0.32183,0.000177162,0.000313876,0.313876,1.27715,0.32,1.27683,0.000387296,0.000319613,0.319613,-4.62888e-05,-1.77243e-05,-4.60365e-05,0.000233077,-2.52233e-07,-0.000250801,
7.83257,1.6131e-05,2.37384e-05,-2.92195e-05,-7.5203e-05,4.53505e-05,9.89414e-05,-1.44997,0.0311531,-1.45001,-0.0118316,4.29847e-05,0.0429847,-1.21309,-0.302445,-1.21278,-0.000109063,-0.000302336,-0.302336,-0.315235,0.314054,-0.315549,0.000176492,0.000313877,0.313877,1.28355,0.32,1.28323,0.000385455,0.000319615,0.319615,-4.66432e-05,-1.77243e-05,-4.63896e-05,0.000234454,-2.53602e-07,-0.000252179,
7.8736,1.66057e-05,2.37384e-05,2.94812e-05,-7.73724e-05,-1.28755e-05,0.000101111,-1.44934,0.0311531,-1.44939,-0.0118476,4.30007e-05,0.0430007,-1.21914,-0.302445,-1.21883,-0.000109208,-0.000302336,-0.302336,-0.308954,0.314054,-0.309268,0.000175802,0.000313878,0.313878,1.28995,0.32,1.28963,0.000383553,0.000319616,0.319616,-4.69977e-05,-1.77243e-05,-4.67427e-05,0.000235831,-2.54976e-07,-0.000253556,
7.91417,1.70805e-05,2.37384e-05,5.00533e-05,-7.94609e-05,-3.29728e-05,0.000103199,-1.44872,0.0311531,-1.44876,-0.011863,4.30161e-05,0.0430161,-1.22518,-0.302445,-1.22488,-0.000109352,-0.000302336,-0.302336,-0.302673,0.314054,-0.302987,0.000175101,0.000313878,0.313878,1.29635,0.32,1.29603,0.000381647,0.000319618,0.319618,-4.73522e-05,-1.77243e-05,-4.70959e-05,0.000237197,-2.56333e-07,-0.000254921,
7.95534,1.75553e-05,2.37384e-05,-2.87519e-05,-8.17335e-05,4.63072e-05,0.000105472,-1.4481,0.0311531,-1.44814,-0.0118776,4.30308e-05,0.0430307,-1.23123,-0.302445,-1.23093,-0.000109482,-0.000302336,-0.302336,-0.296392,0.314054,-0.296706,0.000174363,0.000313879,0.313879,1.30275,0.32,1.30243,0.000379721,0.00031962,0.31962,-4.77067e-05,-1.77243e-05,-4.7449e-05,0.000238587,-2.57716e-07,-0.000256312,
7.99646,1.803e-05,2.37384e-05,3.01074e-05,-8.38815e-05,-1.20774e-05,0.00010762,-1.44748,0.0311531,-1.44752,-0.0118919,4.3045e-05,0.043045,-1.23728,-0.302445,-1.23698,-0.000109611,-0.000302336,-0.302336,-0.290111,0.314054,-0.290425,0.000173603,0.00031388,0.31388,1.30915,0.32,1.30883,0.000377734,0.000319622,0.319622,-4.80612e-05,-1.77243e-05,-4.78021e-05,0.000239978,-2.59104e-07,-0.000257702,
8.03707,1.85048e-05,2.37384e-05,5.33662e-05,-8.59424e-05,-3.48614e-05,0.000109681,-1.44685,0.0311531,-1.4469,-0.0119057,4.30588e-05,0.0430588,-1.24333,-0.302445,-1.24303,-0.000109739,-0.000302336,-0.302336,-0.28383,0.314054,-0.284144,0.000172834,0.000313881,0.313881,1.31555,0.32,1.31523,0.000375744,0.000319624,0.319624,-4.84157e-05,-1.77243e-05,-4.81552e-05,0.000241356,-2.60473e-07,-0.00025908,
8.0782,1.89796e-05,2.37384e-05,-2.85798e-05,-8.81934e-05,4.75593e-05,0.000111932,-1.44623,0.0311531,-1.44627,-0.0119187,4.30718e-05,0.0430718,-1.24938,-0.302445,-1.24908,-0.000109852,-0.000302335,-0.302335,-0.277549,0.314054,-0.277862,0.000172028,0.000313882,0.313882,1.32195,0.32,1.32163,0.000373736,0.000319626,0.319626,-4.87702e-05,-1.77243e-05,-4.85083e-05,0.000242758,-2.61868e-07,-0.000260482,
8.11845,1.94543e-05,2.37384e-05,4.91729e-05,-9.02183e-05,-2.97186e-05,0.000113957,-1.44561,0.0311531,-1.44565,-0.0119314,4.30845e-05,0.0430845,-1.25543,-0.302445,-1.25513,-0.00010997,-0.000302335,-0.302335,-0.271267,0.314054,-0.271581,0.000171208,0.000313882,0.313882,1.32835,0.32,1.32803,0.000371671,0.000319628,0.319628,-4.91246e-05,-1.77243e-05,-4.88614e-05,0.000244148,-2.63254e-07,-0.000261872,
8.15902,1.99291e-05,2.37384e-05,2.85899e-05,-9.24522e-05,-8.66076e-06,0.000116191,-1.44498,0.0311531,-1.44503,-0.0119433,4.30964e-05,0.0430964,-1.26148,-0.302445,-1.26118,-0.000110072,-0.000302335,-0.302335,-0.264986,0.314054,-0.2653,0.000170357,0.000313883,0.313883,1.33475,0.32,1.33443,0.000369609,0.00031963,0.31963,-4.94791e-05,-1.77243e-05,-4.92145e-05,0.000245558,-2.64658e-07,-0.000263283,
8.1996,2.04039e-05,2.37384e-05,2.86201e-05,-9.45739e-05,-8.21624e-06,0.000118312,-1.44436,0.0311531,-1.4444,-0.0119548,4.31079e-05,0.0431079,-1.26753,-0.302445,-1.26722,-0.000110174,-0.000302335,-0.302335,-0.258705,0.314054,-0.259019,0.000169489,0.000313884,0.313884,1.34115,0.32,1.34083,0.000367509,0.000319632,0.319632,-4.98336e-05,-1.77243e-05,-4.95676e-05,0.000246963,-2.66057e-07,-0.000264688,
8.24019,2.08786e-05,2.37384e-05,2.86784e-05,-9.66876e-05,-7.79982e-06,0.000120426,-1.44374,0.0311531,-1.44378,-0.0119657,4.31188e-05,0.0431188,-1.27358,-0.302445,-1.27327,-0.00011027,-0.000302335,-0.302335,-0.252424,0.314054,-0.252738,0.000168597,0.000313885,0.313885,1.34755,0.32,1.34723,0.000365384,0.000319635,0.319635,-5.01881e-05,-1.77243e-05,-4.99206e-05,0.000248372,-2.67461e-07,-0.000266096,
8.28071,2.13534e-05,2.37384e-05,2.87629e-05,-9.87935e-05,-7.40949e-06,0.000122532,-1.44311,0.0311531,-1.44316,-0.011976,4.31291e-05,0.0431291,-1.27962,-0.302445,-1.27932,-0.00011036,-0.000302335,-0.302335,-0.246143,0.314054,-0.246457,0.000167684,0.000313886,0.313886,1.35395,0.32,1.35363,0.000363234,0.000319637,0.319637,-5.05426e-05,-1.77243e-05,-5.02737e-05,0.000249784,-2.68867e-07,-0.000267508,
8.32129,2.18282e-05,2.37384e-05,2.88716e-05,-0.000100891,-7.04341e-06,0.00012463,-1.44249,0.0311531,-1.44253,-0.0119858,4.31389e-05,0.0431389,-1.28567,-0.302445,-1.28537,-0.000110445,-0.000302335,-0.302335,-0.239862,0.314054,-0.240176,0.000166748,0.000313887,0.313887,1.36035,0.32,1.36003,0.000361061,0.000319639,0.319639,-5.08971e-05,-1.77243e-05,-5.06268e-05,0.000251198,-2.70277e-07,-0.000268923,
8.36186,2.23029e-05,2.37384e-05,2.90027e-05,-0.000102982,-6.69981e-06,0.00012672,-1.44187,0.0311531,-1.44191,-0.011995,4.31481e-05,0.0431481,-1.29172,-0.302445,-1.29142,-0.000110524,-0.000302335,-0.302335,-0.233581,0.314054,-0.233895,0.000165789,0.000313888,0.313888,1.36675,0.32,1.36643,0.000358863,0.000319641,0.319641,-5.12516e-05,-1.77243e-05,-5.09799e-05,0.000252616,-2.71689e-07,-0.00027034,
8.40243,2.27777e-05,2.37384e-05,2.91548e-05,-0.000105064,-6.37706e-06,0.000128802,-1.44124,0.0311531,-1.44129,-0.0120037,4.31568e-05,0.0431568,-1.29777,-0.302445,-1.29747,-0.000110598,-0.000302335,-0.302335,-0.2273,0.314054,-0.227614,0.000164809,0.000313889,0.313889,1.37315,0.32,1.37283,0.000356643,0.000319643,0.319643,-5.1606e-05,-1.77243e-05,-5.13329e-05,0.000254037,-2.73105e-07,-0.000271761,
8.44315,2.32525e-05,2.37384e-05,2.93261e-05,-0.000107138,-6.07364e-06,0.000130876,-1.44062,0.0311531,-1.44066,-0.0120118,4.31649e-05,0.0431649,-1.30382,-0.302445,-1.30352,-0.000110666,-0.000302335,-0.302335,-0.221019,0.314054,-0.221333,0.000163806,0.00031389,0.31389,1.37955,0.32,1.37923,0.000354399,0.000319646,0.319646,-5.19605e-05,-1.77243e-05,-5.1686e-05,0.00025546,-2.74523e-07,-0.000273184,
8.48374,2.37272e-05,2.37384e-05,2.94367e-05,-0.000109199,-5.70946e-06,0.000132937,-1.44,0.0311531,-1.44004,-0.0120193,4.31724e-05,0.0431724,-1.30987,-0.302445,-1.30957,-0.000110729,-0.000302335,-0.302335,-0.214738,0.314054,-0.215052,0.000162781,0.000313891,0.313891,1.38595,0.32,1.38563,0.00035213,0.000319648,0.319648,-5.2315e-05,-1.77243e-05,-5.20391e-05,0.000256886,-2.75945e-07,-0.000274611,
8.5238,2.4202e-05,2.37384e-05,2.96445e-05,-0.000111258,-5.44249e-06,0.000134996,-1.43938,0.0311531,-1.43942,-0.0120262,4.31794e-05,0.0431793,-1.31592,-0.302445,-1.31562,-0.000110786,-0.000302335,-0.302335,-0.208457,0.314054,-0.208771,0.000161735,0.000313892,0.313892,1.39235,0.32,1.39203,0.000349843,0.00031965,0.31965,-5.26695e-05,-1.77243e-05,-5.23921e-05,0.000258315,-2.77368e-07,-0.000276039,
8.56451,2.46768e-05,2.37384e-05,2.98688e-05,-0.000113309,-5.192e-06,0.000137048,-1.43875,0.0311531,-1.4388,-0.0120326,4.31857e-05,0.0431857,-1.32197,-0.302445,-1.32166,-0.000110837,-0.000302334,-0.302334,-0.202176,0.314054,-0.20249,0.000160666,0.000313893,0.313893,1.39875,0.32,1.39843,0.000347533,0.000319652,0.319652,-5.3024e-05,-1.77243e-05,-5.27452e-05,0.000259745,-2.78794e-07,-0.00027747,
8.60452,2.51515e-05,2.37384e-05,3.35899e-05,-0.000115332,-8.43838e-06,0.00013907,-1.43813,0.0311531,-1.43817,-0.0120385,4.31916e-05,0.0431916,-1.32802,-0.302445,-1.32771,-0.000110882,-0.000302334,-0.302334,-0.195895,0.314054,-0.196209,0.000159571,0.000313894,0.313894,1.40515,0.32,1.40483,0.000345178,0.000319655,0.319655,-5.33785e-05,-1.77243e-05,-5.30982e-05,0.000261183,-2.80232e-07,-0.000278907,
8.64512,2.56263e-05,2.37384e-05,2.91108e-05,-0.000117382,-3.48445e-06,0.000141121,-1.43751,0.0311531,-1.43755,-0.0120437,4.31968e-05,0.0431968,-1.33406,-0.302445,-1.33376,-0.000110923,-0.000302334,-0.302334,-0.189614,0.314054,-0.189927,0.000158466,0.000313895,0.313895,1.41155,0.32,1.41123,0.000342856,0.000319657,0.319657,-5.3733e-05,-1.77243e-05,-5.34513e-05,0.000262611,-2.81651e-07,-0.000280336,
8.68622,2.61011e-05,2.37384e-05,2.86595e-05,-0.000119397,-2.55847e-06,0.000143135,-1.43688,0.0311531,-1.43693,-0.0120483,4.32014e-05,0.0432014,-1.34011,-0.302445,-1.33981,-0.000110958,-0.000302334,-0.302334,-0.183332,0.314054,-0.183646,0.00015733,0.000313896,0.313896,1.41795,0.32,1.41763,0.000340477,0.00031966,0.31966,-5.40874e-05,-1.77243e-05,-5.38044e-05,0.000264049,-2.83085e-07,-0.000281773,
8.72688,2.65758e-05,2.37384e-05,2.89405e-05,-0.00012142,-2.36467e-06,0.000145158,-1.43626,0.0311531,-1.4363,-0.0120524,4.32056e-05,0.0432055,-1.34616,-0.302445,-1.34586,-0.000110986,-0.000302334,-0.302334,-0.177051,0.314054,-0.177365,0.000156176,0.000313897,0.313897,1.42435,0.32,1.42403,0.000338088,0.000319662,0.319662,-5.44419e-05,-1.77243e-05,-5.41574e-05,0.000265487,-2.84519e-07,-0.000283211,
8.76737,2.70506e-05,2.37384e-05,3.49127e-05,-0.000123426,-7.8621e-06,0.000147164,-1.43564,0.0311531,-1.43568,-0.012056,4.32091e-05,0.0432091,-1.35221,-0.302445,-1.35191,-0.000111009,-0.000302334,-0.302334,-0.17077,0.314054,-0.171084,0.000154993,0.000313899,0.313899,1.43075,0.32,1.43043,0.000335651,0.000319664,0.319664,-5.47964e-05,-1.77243e-05,-5.45104e-05,0.000266934,-2.85965e-07,-0.000284659,
8.80793,2.75254e-05,2.37384e-05,2.99958e-05,-0.000125443,-2.47046e-06,0.000149182,-1.43501,0.0311531,-1.43506,-0.0120589,4.3212e-05,0.043212,-1.35826,-0.302445,-1.35796,-0.000111027,-0.000302334,-0.302334,-0.164489,0.314054,-0.164803,0.000153802,0.0003139,0.3139,1.43715,0.32,1.43683,0.000333251,0.000319667,0.319667,-5.51509e-05,-1.77243e-05,-5.48635e-05,0.000268369,-2.87391e-07,-0.000286094,
8.84796,2.80001e-05,2.37384e-05,3.55377e-05,-0.000127425,-7.53753e-06,0.000151164,-1.43439,0.0311531,-1.43443,-0.0120614,4.32145e-05,0.0432145,-1.36431,-0.302445,-1.36401,-0.000111038,-0.000302334,-0.302334,-0.158208,0.314054,-0.158522,0.000152575,0.000313901,0.313901,1.44355,0.32,1.44323,0.000330771,0.000319669,0.319669,-5.55054e-05,-1.77243e-05,-5.52165e-05,0.00026982,-2.88842e-07,-0.000287544,
8.88855,2.84749e-05,2.37384e-05,2.92518e-05,-0.000129413,-7.76916e-07,0.000153151,-1.43377,0.0311531,-1.43381,-0.0120631,4.32162e-05,0.0432162,-1.37036,-0.302445,-1.37006,-0.000111045,-0.000302334,-0.302334,-0.151927,0.314054,-0.152241,0.000151338,0.000313902,0.313902,1.44995,0.32,1.44963,0.000328327,0.000319672,0.319672,-5.58599e-05,-1.77243e-05,-5.55696e-05,0.000271258,-2.90273e-07,-0.000288982,
8.92911,2.89497e-05,2.37384e-05,2.87869e-05,-0.000131391,1.62777e-07,0.000155129,-1.43314,0.0311531,-1.43319,-0.0120643,4.32174e-05,0.0432174,-1.37641,-0.302445,-1.3761,-0.000111046,-0.000302334,-0.302334,-0.145646,0.314054,-0.14596,0.000150077,0.000313904,0.313904,1.45635,0.32,1.45603,0.000325841,0.000319674,0.319674,-5.62144e-05,-1.77243e-05,-5.59226e-05,0.000272704,-2.91715e-07,-0.000290428,
8.96955,2.94244e-05,2.37384e-05,2.92644e-05,-0.000133367,1.60083e-07,0.000157106,-1.43252,0.0311531,-1.43256,-0.012065,4.32181e-05,0.0432181,-1.38246,-0.302445,-1.38215,-0.00011104,-0.000302334,-0.302334,-0.139365,0.314054,-0.139679,0.000148794,0.000313905,0.313905,1.46275,0.32,1.46243,0.00032334,0.000319677,0.319677,-5.65688e-05,-1.77243e-05,-5.62757e-05,0.000274151,-2.93158e-07,-0.000291875,
9.01071,2.98992e-05,2.37384e-05,2.97829e-05,-0.000135336,1.16291e-07,0.000159074,-1.4319,0.0311531,-1.43194,-0.012065,4.32181e-05,0.0432181,-1.3885,-0.302445,-1.3882,-0.000111029,-0.000302334,-0.302334,-0.133084,0.314054,-0.133398,0.00014749,0.000313906,0.313906,1.46915,0.32,1.46883,0.000320822,0.000319679,0.319679,-5.69233e-05,-1.77243e-05,-5.66287e-05,0.000275599,-2.94602e-07,-0.000293323,
9.05129,3.0374e-05,2.37384e-05,3.02723e-05,-0.000137297,1.01652e-07,0.000161036,-1.43128,0.0311531,-1.43132,-0.0120645,4.32176e-05,0.0432176,-1.39455,-0.302445,-1.39425,-0.000111013,-0.000302334,-0.302334,-0.126803,0.314054,-0.127117,0.000146165,0.000313907,0.313907,1.47555,0.32,1.47523,0.000318288,0.000319682,0.319682,-5.72778e-05,-1.77243e-05,-5.69818e-05,0.000277047,-2.96046e-07,-0.000294772,
9.09187,3.08487e-05,2.37384e-05,3.07546e-05,-0.000139252,9.41527e-08,0.00016299,-1.43065,0.0311531,-1.4307,-0.0120634,4.32165e-05,0.0432165,-1.4006,-0.302445,-1.4003,-0.00011099,-0.000302334,-0.302334,-0.120522,0.314054,-0.120836,0.000144819,0.000313909,0.313909,1.48195,0.32,1.48163,0.000315738,0.000319684,0.319684,-5.76323e-05,-1.77243e-05,-5.73348e-05,0.000278497,-2.97491e-07,-0.000296221,
9.13265,3.13244e-05,2.39443e-05,3.12342e-05,-0.000141203,9.0192e-08,0.000165148,-1.43003,0.0314234,-1.43007,-0.0120617,4.34654e-05,0.0434851,-1.40666,-0.30507,-1.40636,-0.000110962,-0.000304767,-0.304959,-0.114229,0.316779,-0.114545,0.000143451,0.000316437,0.316635,1.48836,0.322777,1.48804,0.000313168,0.000322261,0.322463,-5.79874e-05,-1.78781e-05,-5.76884e-05,0.000279949,-2.99083e-07,-0.000297827,
9.17335,3.18112e-05,2.47984e-05,3.17217e-05,-0.000143196,8.95043e-08,0.000167995,-1.42939,0.0325443,-1.42943,-0.0120595,4.45717e-05,0.0446038,-1.41287,-0.315952,-1.41255,-0.000110929,-0.000315529,-0.315841,-0.107788,0.328078,-0.108116,0.000142037,0.000327613,0.327936,1.49492,0.33429,1.49459,0.000310528,0.00033365,0.33398,-5.83509e-05,-1.85158e-05,-5.80497e-05,0.000281433,-3.01198e-07,-0.000299949,
9.21413,3.23166e-05,2.57056e-05,3.22267e-05,-0.000145261,8.99761e-08,0.000170966,-1.42873,0.0337348,-1.42877,-0.0120565,4.57664e-05,0.0457913,-1.4193,-0.327509,-1.41898,-0.000110888,-0.000327156,-0.327399,-0.101102,0.34008,-0.101441,0.000140548,0.000339688,0.339939,1.50174,0.346519,1.50139,0.000307772,0.000345955,0.346211,-5.87283e-05,-1.91931e-05,-5.84249e-05,0.000282974,-3.03421e-07,-0.000302168,
9.25486,3.28365e-05,2.61741e-05,3.27462e-05,-0.000147376,9.02381e-08,0.00017355,-1.42804,0.0343496,-1.42809,-0.0120528,4.63975e-05,0.0464024,-1.42593,-0.333478,-1.42559,-0.000110838,-0.00033332,-0.333367,-0.0942246,0.346278,-0.0945706,0.000138987,0.00034609,0.346139,1.50874,0.352834,1.50839,0.000304917,0.000352479,0.352529,-5.91164e-05,-1.95429e-05,-5.88111e-05,0.000284561,-3.05368e-07,-0.000304104,
9.29542,3.33587e-05,2.59171e-05,3.32691e-05,-0.000149491,8.96498e-08,0.000175408,-1.42736,0.0340124,-1.4274,-0.0120482,4.60819e-05,0.0460606,-1.43258,-0.330204,-1.43225,-0.00011078,-0.000330301,-0.330094,-0.0873153,0.342878,-0.0876582,0.000137388,0.000342956,0.342741,1.51579,0.34937,1.51544,0.000302026,0.000349287,0.349068,-5.95064e-05,-1.93511e-05,-5.91996e-05,0.000286158,-3.06782e-07,-0.000305509,
9.3356,3.38677e-05,2.48528e-05,3.37797e-05,-0.00015154,8.80402e-08,0.000176393,-1.42669,0.0326156,-1.42674,-0.0120428,4.47055e-05,0.0446584,-1.43907,-0.316644,-1.43875,-0.000110716,-0.000316989,-0.316533,-0.0805812,0.328797,-0.0809104,0.000135797,0.000329135,0.328661,1.52265,0.335023,1.52231,0.000299186,0.000335206,0.334724,-5.98864e-05,-1.85564e-05,-5.95789e-05,0.000287716,-3.07551e-07,-0.000306273,
9.37632,3.43482e-05,2.3104e-05,3.42626e-05,-0.000153463,8.55901e-08,0.000176567,-1.42606,0.0303206,-1.4261,-0.012037,4.2423e-05,0.0423577,-1.44519,-0.294363,-1.44489,-0.000110647,-0.000294887,-0.294253,-0.0742243,0.305661,-0.0745305,0.000134264,0.000306186,0.305527,1.52912,0.311449,1.52881,0.000296486,0.000311824,0.311152,-6.02452e-05,-1.72507e-05,-5.99375e-05,0.000289189,-3.07717e-07,-0.00030644,
9.41636,3.47895e-05,2.09987e-05,3.47067e-05,-0.000155219,8.27935e-08,0.000176218,-1.42548,0.0275577,-1.42552,-0.0120311,3.96585e-05,0.0395888,-1.45081,-0.26754,-1.45054,-0.000110577,-0.000268106,-0.267429,-0.0683868,0.277808,-0.0686652,0.000132832,0.000278378,0.277675,1.53507,0.283068,1.53479,0.000293989,0.000283491,0.282774,-6.05746e-05,-1.56787e-05,-6.02672e-05,0.000290542,-3.07487e-07,-0.000306221,
9.45708,3.51893e-05,1.90695e-05,3.51088e-05,-0.000156803,8.04635e-08,0.000175872,-1.42496,0.0250259,-1.42499,-0.0120252,3.71045e-05,0.0370511,-1.4559,-0.24296,-1.45566,-0.000110509,-0.000243368,-0.242849,-0.0630971,0.252285,-0.0633498,0.000131518,0.000252692,0.252154,1.54046,0.257062,1.5402,0.000291717,0.000257319,0.25677,-6.08732e-05,-1.42383e-05,-6.05659e-05,0.000291768,-3.0725e-07,-0.000306007,
9.49824,3.55581e-05,1.79908e-05,3.54785e-05,-0.000158263,7.96847e-08,0.000176253,-1.42447,0.0236103,-1.42451,-0.0120195,3.56516e-05,0.0356298,-1.4606,-0.229217,-1.46037,-0.000110444,-0.000229318,-0.229107,-0.0582173,0.238015,-0.0584554,0.0001303,0.000238104,0.237884,1.54543,0.242521,1.54519,0.000289619,0.000242456,0.242232,-6.11486e-05,-1.34329e-05,-6.0841e-05,0.000292897,-3.07547e-07,-0.00030633,
9.53944,3.59128e-05,1.75413e-05,3.58327e-05,-0.000159668,8.01383e-08,0.00017721,-1.42401,0.0230204,-1.42404,-0.0120138,3.50433e-05,0.0350342,-1.46512,-0.223491,-1.4649,-0.000110379,-0.000223468,-0.22338,-0.0535249,0.232068,-0.0537569,0.000129126,0.000232031,0.231939,1.55022,0.236463,1.54998,0.000287601,0.000236268,0.236175,-6.14134e-05,-1.30973e-05,-6.11051e-05,0.00029398,-3.08282e-07,-0.000307077,
9.57945,3.62618e-05,1.73933e-05,3.61806e-05,-0.000161051,8.11778e-08,0.000178444,-1.42355,0.0228261,-1.42358,-0.0120079,3.48358e-05,0.034834,-1.46957,-0.221604,-1.46935,-0.000110314,-0.00022151,-0.221493,-0.048908,0.230109,-0.049138,0.000127963,0.000229999,0.229981,1.55492,0.234466,1.55469,0.000285612,0.000234198,0.234181,-6.1674e-05,-1.29867e-05,-6.13647e-05,0.000295044,-3.09228e-07,-0.000308031,
9.62006,3.66095e-05,1.73947e-05,3.6527e-05,-0.000162428,8.25315e-08,0.000179822,-1.42309,0.022828,-1.42313,-0.0120018,3.48288e-05,0.0348299,-1.474,-0.221623,-1.47378,-0.000110245,-0.000221503,-0.221512,-0.0443074,0.230129,-0.0445374,0.000126796,0.000229992,0.230002,1.55961,0.234486,1.55937,0.000283625,0.000234192,0.234203,-6.19336e-05,-1.29878e-05,-6.16233e-05,0.000296104,-3.10284e-07,-0.000309091,
9.66005,3.69577e-05,1.74158e-05,3.68737e-05,-0.000163804,8.3975e-08,0.000181219,-1.42264,0.0228556,-1.42267,-0.0119954,3.48512e-05,0.034851,-1.47844,-0.221891,-1.47821,-0.000110173,-0.000221782,-0.22178,-0.0397012,0.230407,-0.0399315,0.000125618,0.000230283,0.230281,1.5643,0.23477,1.56407,0.000281631,0.00023449,0.234488,-6.21936e-05,-1.30035e-05,-6.18822e-05,0.000297164,-3.11358e-07,-0.000310167,
9.7005,3.73056e-05,1.73481e-05,3.72203e-05,-0.000165175,8.53238e-08,0.000182524,-1.42218,0.0227668,-1.42221,-0.0119886,3.476e-05,0.0347554,-1.48287,-0.221028,-1.48265,-0.000110099,-0.000220963,-0.220918,-0.035099,0.229512,-0.0353285,0.00012443,0.000229433,0.229387,1.56899,0.233857,1.56876,0.000279633,0.000233625,0.233578,-6.24533e-05,-1.2953e-05,-6.21409e-05,0.000298223,-3.12366e-07,-0.000311176,
9.74101,3.76505e-05,1.71052e-05,3.7564e-05,-0.000166532,8.64289e-08,0.000183637,-1.42173,0.022448,-1.42176,-0.0119815,3.44411e-05,0.0344296,-1.48726,-0.217934,-1.48704,-0.000110021,-0.000217935,-0.217823,-0.0305363,0.226298,-0.0307626,0.000123239,0.000226291,0.226175,1.57364,0.230583,1.57341,0.000277645,0.000230423,0.230305,-6.27108e-05,-1.27716e-05,-6.23976e-05,0.000299272,-3.13234e-07,-0.000312044,
9.78148,3.79882e-05,1.66223e-05,3.7901e-05,-0.000167856,8.71742e-08,0.000184479,-1.42128,0.0218143,-1.42132,-0.0119743,3.38088e-05,0.0337886,-1.49156,-0.211781,-1.49135,-0.000109942,-0.000211867,-0.211671,-0.0260683,0.21991,-0.0262883,0.00012206,0.000219991,0.219788,1.57819,0.224074,1.57797,0.000275692,0.000224005,0.223798,-6.2963e-05,-1.24111e-05,-6.26491e-05,0.0003003,-3.13902e-07,-0.000312711,
9.82263,3.83135e-05,1.58565e-05,3.8226e-05,-0.000169127,8.7474e-08,0.000184984,-1.42086,0.0208093,-1.42089,-0.0119669,3.28061e-05,0.0327762,-1.49571,-0.202024,-1.49551,-0.000109862,-0.000202204,-0.201914,-0.0217649,0.209778,-0.0219748,0.000120912,0.000209958,0.209657,1.58258,0.21375,1.58236,0.000273803,0.000213783,0.213476,-6.32059e-05,-1.18393e-05,-6.28915e-05,0.000301289,-3.14319e-07,-0.000313129,
9.86317,3.86204e-05,1.47864e-05,3.85331e-05,-0.000170322,8.72728e-08,0.000185109,-1.42045,0.019405,-1.42048,-0.0119597,3.14047e-05,0.0313647,-1.49962,-0.188391,-1.49943,-0.000109783,-0.000188669,-0.188281,-0.0177041,0.195622,-0.0179,0.000119816,0.000195905,0.195502,1.58671,0.199326,1.58651,0.000272014,0.000199464,0.199054,-6.3435e-05,-1.10403e-05,-6.31206e-05,0.000302223,-3.14454e-07,-0.000313264,
9.90381,3.89029e-05,1.34128e-05,3.88164e-05,-0.000171417,8.65442e-08,0.00018483,-1.42008,0.0176023,-1.42011,-0.0119527,2.96046e-05,0.0295549,-1.50322,-0.170889,-1.50305,-0.000109707,-0.000171262,-0.170779,-0.0139669,0.177448,-0.0141447,0.000118795,0.00017783,0.177329,1.59052,0.180808,1.59034,0.000270362,0.000181048,0.180537,-6.3646e-05,-1.00147e-05,-6.33317e-05,0.000303084,-3.14286e-07,-0.000313098,
9.94389,3.9155e-05,1.17577e-05,3.90697e-05,-0.000172389,8.52917e-08,0.000184147,-1.41975,0.0154302,-1.41978,-0.0119461,2.74347e-05,0.0273764,-1.50643,-0.149802,-1.50628,-0.000109636,-0.000150259,-0.149693,-0.0106311,0.155552,-0.0107871,0.000117873,0.000156022,0.155434,1.59392,0.158497,1.59376,0.00026888,0.000158828,0.158228,-6.38342e-05,-8.7789e-06,-6.35204e-05,0.000303852,-3.13814e-07,-0.000312631,
9.98443,3.93716e-05,9.8653e-06,3.92881e-05,-0.00017322,8.35503e-08,0.000183085,-1.41947,0.0129468,-1.41949,-0.0119403,2.49523e-05,0.024887,-1.50919,-0.125692,-1.50906,-0.000109573,-0.000126215,-0.125582,-0.0077658,0.130516,-0.00789685,0.00011707,0.000131056,0.130399,1.59684,0.132987,1.59671,0.000267602,0.00013339,0.13272,-6.39959e-05,-7.36595e-06,-6.36829e-05,0.000304512,-3.13056e-07,-0.000311878,
10.0244,3.95485e-05,7.8014e-06,3.94671e-05,-0.000173893,8.1388e-08,0.000181694,-1.41924,0.0102382,-1.41926,-0.0119353,2.2243e-05,0.0221735,-1.51144,-0.099396,-1.51134,-0.00010952,-9.9962e-05,-0.0992864,-0.00542562,0.103211,-0.00552942,0.000116404,0.000103796,0.103095,1.59923,0.105165,1.59912,0.000266552,0.000105613,0.104899,-6.4128e-05,-5.82493e-06,-6.38159e-05,0.000305053,-3.12048e-07,-0.000310878,
10.0656,3.96831e-05,5.65355e-06,3.96042e-05,-0.000174399,7.89091e-08,0.000180053,-1.41906,0.00741945,-1.41908,-0.0119313,1.94215e-05,0.0193507,-1.51316,-0.0720306,-1.51309,-0.000109477,-7.26077e-05,-0.0719212,-0.00364483,0.0747953,-0.00372022,0.000115887,7.53924e-05,0.0746794,1.60104,0.0762115,1.60096,0.000265748,7.66722e-05,0.0759457,-6.42285e-05,-4.22123e-06,-6.39177e-05,0.000305466,-3.10847e-07,-0.000309687,
10.1067,3.97748e-05,3.53107e-06,3.96986e-05,-0.000174739,7.62576e-08,0.00017827,-1.41894,0.00463401,-1.41895,-0.0119284,1.66303e-05,0.0165624,-1.51433,-0.0449886,-1.51428,-0.000109446,-4.55387e-05,-0.0448792,-0.00243164,0.0467154,-0.00247892,0.000115526,4.72847e-05,0.0465999,1.60228,0.0475999,1.60223,0.000265194,4.80325e-05,0.0473347,-6.4297e-05,-2.63648e-06,-6.39874e-05,0.000305748,-3.09534e-07,-0.000308385,
10.1473,3.98254e-05,1.56506e-06,3.97518e-05,-0.000174919,7.36211e-08,0.000176484,-1.41887,0.00205392,-1.41889,-0.0119266,1.4041e-05,0.0139805,-1.51497,-0.0199401,-1.51495,-0.000109426,-2.0418e-05,-0.0198307,-0.00176248,0.0207055,-0.00178368,0.000115315,2.12e-05,0.0205902,1.60296,0.0210975,1.60294,0.000264881,2.1454e-05,0.0208326,-6.43347e-05,-1.16856e-06,-6.40265e-05,0.000305906,-3.08211e-07,-0.000307075,
10.1877,3.98395e-05,0,3.97682e-05,-0.000174959,7.12916e-08,0.000174959,-1.41885,0,-1.41887,-0.0119258,1.19258e-05,0.0119258,-1.51515,0,-1.51515,-0.000109418,1.09418e-07,0.000109418,-0.00157544,0,-0.00157532,0.000115241,-1.15195e-07,-0.000115241,1.60315,0,1.60315,0.000264784,-2.64784e-07,-0.000264784,-6.43453e-05,0,-6.40382e-05,0.000305953,-3.07047e-07,-0.000305953,
10.2285,3.98395e-05,0,3.97683e-05,-0.000174954,7.1237e-08,0.000174954,-1.41885,0,-1.41887,-0.0119258,1.19258e-05,0.0119258,-1.51515,0,-1.51515,-0.000109418,1.09418e-07,0.000109418,-0.00157544,0,-0.00157532,0.00011524,-1.15194e-07,-0.00011524,1.60315,0,1.60315,0.000264782,-2.64782e-07,-0.000264782,-6.43453e-05,0,-6.40382e-05,0.000305953,-3.07046e-07,-0.000305953,
10.2685,3.98395e-05,0,3.97683e-05,-0.000174954,7.12367e-08,0.000174954,-1.41885,0,-1.41887,-0.0119258,1.19258e-05,0.0119258,-1.51515,0,-1.51515,-0.000109418,1.09418e-07,0.000109418,-0.00157544,0,-0.00157532,0.00011524,-1.15194e-07,-0.00011524,1.60315,0,1.60315,0.000264782,-2.64782e-07,-0.000264782,-6.43453e-05,0,-6.40382e-05,0.000305953,-3.07046e-07,-0.000305953,
10.3096,3.98395e-05,5.63989e-09,3.97683e-05,-0.000174952,7.12426e-08,0.000174958,-1.41885,-0.000187133,-1.41887,-0.0119258,1.17547e-05,0.0117386,-1.51515,0.00180671,-1.51515,-0.000109417,1.76057e-06,0.00191613,-0.00158241,-0.00187624,-0.00158058,0.000115241,-1.82989e-06,-0.00199148,1.60314,-0.00191171,1.60314,0.000264784,-2.01189e-06,-0.00217649,-6.43451e-05,6.03772e-08,-6.40381e-05,0.000305952,-3.0699e-07,-0.000305891,
10.3502,3.984e-05,4.17601e-08,3.97687e-05,-0.000174907,7.12368e-08,0.000174949,-1.41887,-0.00135167,-1.41888,-0.0119259,1.06142e-05,0.0105742,-1.51501,0.0130516,-1.51503,-0.000109419,1.27747e-05,0.013161,-0.00172083,-0.0135539,-0.00170757,0.000115268,-1.3268e-05,-0.0136691,1.603,-0.0138101,1.60301,0.000264839,-1.36662e-05,-0.0140749,-6.43406e-05,4.31774e-07,-6.4034e-05,0.000305923,-3.06594e-07,-0.000305491,
10.3914,3.98414e-05,1.05216e-07,3.97703e-05,-0.000174762,7.11487e-08,0.000174868,-1.41891,-0.00331449,-1.41892,-0.0119265,8.66843e-06,0.00861199,-1.51457,0.0320089,-1.5146,-0.000109425,3.15733e-05,0.0321184,-0.00217787,-0.0332408,-0.00214508,0.000115376,-3.27901e-05,-0.0333562,1.60253,-0.0338691,1.60257,0.000265029,-3.35574e-05,-0.0341342,-6.43262e-05,1.04686e-06,-6.40203e-05,0.000305822,-3.05879e-07,-0.000304775,
10.4319,3.98443e-05,1.89556e-07,3.97734e-05,-0.000174481,7.09379e-08,0.000174671,-1.419,-0.00579681,-1.41901,-0.0119279,6.19746e-06,0.0061311,-1.5137,0.0559902,-1.51375,-0.00010944,5.54586e-05,0.0560996,-0.00308516,-0.058145,-0.00302757,0.000115602,-5.75948e-05,-0.0582606,1.60161,-0.0592441,1.60167,0.000265415,-5.88312e-05,-0.0595095,-6.42978e-05,1.80741e-06,-6.39929e-05,0.00030562,-3.04914e-07,-0.000303813,
10.4724,3.98491e-05,2.89062e-07,3.97785e-05,-0.000174042,7.05807e-08,0.000174331,-1.41915,-0.00855736,-1.41915,-0.0119303,3.44367e-06,0.00337298,-1.51231,0.0826687,-1.5124,-0.000109466,8.20949e-05,0.0827781,-0.00452226,-0.0858502,-0.00443701,0.00011597,-8.52566e-05,-0.0859661,1.60015,-0.087473,1.60023,0.000266032,-8.70161e-05,-0.0877391,-6.42535e-05,2.62903e-06,-6.39497e-05,0.000305298,-3.03764e-07,-0.000302669,
10.5128,3.98559e-05,3.98753e-07,3.97859e-05,-0.000173436,7.00666e-08,0.000173834,-1.41935,-0.0113925,-1.41935,-0.0119338,6.11778e-07,0.000541384,-1.51039,0.11008,-1.5105,-0.000109504,0.000109508,0.110189,-0.00652416,-0.114316,-0.00641043,0.000116492,-0.000113726,-0.114432,1.59811,-0.116477,1.59822,0.000266898,-0.000116024,-0.116744,-6.41927e-05,3.44107e-06,-6.38902e-05,0.000304846,-3.02493e-07,-0.000301405,
10.5536,3.98651e-05,5.14382e-07,3.97957e-05,-0.000172663,6.93962e-08,0.000173178,-1.4196,-0.0141359,-1.4196,-0.0119384,-2.13117e-06,-0.00219757,-1.50792,0.13662,-1.50805,-0.000109552,0.000136087,0.13673,-0.00908879,-0.141878,-0.00894746,0.000117166,-0.000141328,-0.141995,1.59549,-0.14456,1.59564,0.000268012,-0.000144148,-0.144828,-6.41163e-05,4.18673e-06,-6.38151e-05,0.000304266,-3.01159e-07,-0.000300079,
10.5943,3.98765e-05,6.32439e-07,3.9808e-05,-0.000171735,6.85787e-08,0.000172368,-1.41991,-0.0166593,-1.41991,-0.0119439,-4.65576e-06,-0.00471539,-1.50494,0.16105,-1.5051,-0.000109611,0.000160582,0.161159,-0.0121846,-0.167248,-0.0120178,0.000117984,-0.000166766,-0.167366,1.59234,-0.170409,1.59251,0.000269359,-0.000170068,-0.170679,-6.4026e-05,4.82296e-06,-6.37262e-05,0.000303563,-2.99811e-07,-0.00029874,
10.6348,3.98904e-05,7.50149e-07,3.98227e-05,-0.000170668,6.76294e-08,0.000171418,-1.42027,-0.0188714,-1.42026,-0.0119501,-6.87017e-06,-0.00692122,-1.5015,0.182489,-1.50168,-0.000109679,0.000182104,0.182599,-0.0157579,-0.189512,-0.0155688,0.00011893,-0.000189117,-0.189631,1.5887,-0.193095,1.58889,0.000270917,-0.000192842,-0.193366,-6.39243e-05,5.32054e-06,-6.36258e-05,0.000302751,-2.98492e-07,-0.00029743,
10.6754,3.99065e-05,8.6547e-07,3.984e-05,-0.00016948,6.65677e-08,0.000170345,-1.42066,-0.0207188,-1.42065,-0.011957,-8.72018e-06,-0.00876177,-1.49766,0.200421,-1.49786,-0.000109754,0.000200127,0.200531,-0.0197407,-0.208134,-0.0195329,0.000119983,-0.000207835,-0.208254,1.58464,-0.212069,1.58485,0.000272653,-0.000211914,-0.212342,-6.38142e-05,5.66401e-06,-6.35169e-05,0.000301843,-2.97233e-07,-0.000296179,
10.7153,3.9925e-05,9.77098e-07,3.98595e-05,-0.000168194,6.54148e-08,0.000169171,-1.42109,-0.0221856,-1.42108,-0.0119643,-1.01891e-05,-0.0102213,-1.4935,0.214691,-1.49372,-0.000109833,0.000214488,0.214801,-0.0240578,-0.222954,-0.0238351,0.000121121,-0.000222749,-0.223075,1.58024,-0.227169,1.58047,0.000274535,-0.000227112,-0.227443,-6.36988e-05,5.85175e-06,-6.34027e-05,0.000300857,-2.96052e-07,-0.000295005,
10.7558,3.99456e-05,1.08447e-06,3.98814e-05,-0.000166832,6.41914e-08,0.000167916,-1.42155,-0.0232934,-1.42154,-0.0119718,-1.12979e-05,-0.0113217,-1.4891,0.225506,-1.48932,-0.000109914,0.000225384,0.225616,-0.0286348,-0.234185,-0.0284008,0.000122323,-0.000234066,-0.234307,1.57558,-0.238612,1.57582,0.000276528,-0.000238643,-0.238889,-6.35811e-05,5.89591e-06,-6.32861e-05,0.00029981,-2.94955e-07,-0.000293914,
10.797,3.99683e-05,1.18774e-06,3.99054e-05,-0.000165412,6.29161e-08,0.0001666,-1.42202,-0.0241015,-1.42201,-0.0119793,-1.2105e-05,-0.0121222,-1.4845,0.233435,-1.48474,-0.000109996,0.000233375,0.233545,-0.0334052,-0.242419,-0.0331628,0.000123567,-0.000242366,-0.242542,1.57072,-0.247002,1.57096,0.000278603,-0.000247101,-0.24728,-6.34637e-05,5.82242e-06,-6.31698e-05,0.000298716,-2.93931e-07,-0.000292894,
10.8371,3.99931e-05,1.28781e-06,3.99315e-05,-0.000163949,6.16027e-08,0.000165237,-1.42251,-0.0247065,-1.4225,-0.0119867,-1.27062e-05,-0.0127199,-1.47977,0.239408,-1.48001,-0.000110078,0.000239383,0.239518,-0.038318,-0.248621,-0.0380693,0.00012484,-0.000248606,-0.248746,1.56571,-0.253322,1.56596,0.000280735,-0.00025346,-0.253603,-6.33487e-05,5.67104e-06,-6.30557e-05,0.000297589,-2.92953e-07,-0.000291918,
10.8781,4.00198e-05,1.38633e-06,3.99596e-05,-0.00016245,6.0259e-08,0.000163836,-1.42301,-0.0252428,-1.423,-0.0119939,-1.32351e-05,-0.0132489,-1.47493,0.244718,-1.47518,-0.000110158,0.000244691,0.244828,-0.0433454,-0.254136,-0.0430912,0.00012613,-0.00025412,-0.254262,1.56059,-0.258941,1.56085,0.000282911,-0.000259079,-0.259224,-6.3237e-05,5.4953e-06,-6.29451e-05,0.000296435,-2.91973e-07,-0.00029094,
10.9182,4.00485e-05,1.48567e-06,3.99896e-05,-0.000160913,5.8884e-08,0.000162399,-1.42352,-0.0258822,-1.42351,-0.0120008,-1.38625e-05,-0.0138814,-1.46998,0.25102,-1.47023,-0.000110235,0.000250945,0.25113,-0.0484902,-0.26068,-0.0482296,0.000127437,-0.000260616,-0.260808,1.55535,-0.26561,1.55561,0.00028513,-0.000265699,-0.265895,-6.31286e-05,5.36254e-06,-6.28377e-05,0.000295253,-2.90924e-07,-0.00028989,
10.9586,4.00793e-05,1.58892e-06,4.00218e-05,-0.000159325,5.74662e-08,0.000160914,-1.42405,-0.0268341,-1.42403,-0.0120075,-1.47971e-05,-0.0148266,-1.46487,0.26033,-1.46513,-0.000110311,0.000260154,0.260441,-0.0537933,-0.270349,-0.0535231,0.000128768,-0.00027018,-0.270478,1.54994,-0.275461,1.55022,0.000287408,-0.000275445,-0.275749,-6.30217e-05,5.35389e-06,-6.2732e-05,0.000294034,-2.89716e-07,-0.00028868,
10.9998,4.01121e-05,1.69994e-06,4.00562e-05,-0.000157657,5.59813e-08,0.000159357,-1.4246,-0.0283455,-1.42458,-0.012014,-1.62847e-05,-0.0163315,-1.45953,0.275028,-1.4598,-0.000110384,0.000274685,0.275138,-0.0593414,-0.285612,-0.0590561,0.000130142,-0.000285272,-0.285743,1.54429,-0.291013,1.54458,0.00028978,-0.000290823,-0.291303,-6.2913e-05,5.56428e-06,-6.26247e-05,0.000292759,-2.88234e-07,-0.000287195,
11.0421,4.01478e-05,1.89693e-06,4.00934e-05,-0.000155848,5.44707e-08,0.000157745,-1.42519,-0.0316273,-1.42517,-0.0120204,-1.94955e-05,-0.019607,-1.45375,0.306871,-1.45406,-0.000110457,0.0003059,0.306981,-0.065337,-0.318681,-0.0650193,0.000131597,-0.000317689,-0.318812,1.53818,-0.324706,1.53851,0.000292325,-0.000323854,-0.324999,-6.27962e-05,6.20777e-06,-6.251e-05,0.000291385,-2.86222e-07,-0.000285177,
11.0825,4.01887e-05,2.19096e-06,4.01358e-05,-0.000153762,5.28123e-08,0.000155953,-1.42587,-0.0365297,-1.42585,-0.0120267,-2.4378e-05,-0.0245029,-1.44715,0.354437,-1.4475,-0.000110531,0.000353335,0.354547,-0.0721963,-0.368077,-0.0718294,0.000133227,-0.000366951,-0.36821,1.53119,-0.375037,1.53157,0.000295214,-0.000374049,-0.375332,-6.26626e-05,7.17e-06,-6.23789e-05,0.000289814,-2.8368e-07,-0.000282644,
11.1239,4.02353e-05,2.46473e-06,4.01845e-05,-0.000151373,5.0833e-08,0.000153837,-1.42665,-0.0410942,-1.42662,-0.0120333,-2.89614e-05,-0.0290609,-1.4396,0.398725,-1.44,-0.00011061,0.000397871,0.398835,-0.0800355,-0.41407,-0.0796223,0.000135071,-0.000413203,-0.414205,1.5232,-0.421899,1.52363,0.000298502,-0.000421177,-0.422198,-6.25099e-05,8.06592e-06,-6.22289e-05,0.000288017,-2.8097e-07,-0.000279951,
11.164,4.02867e-05,2.651e-06,4.02381e-05,-0.000148741,4.85181e-08,0.000151392,-1.42751,-0.0441997,-1.42748,-0.0120397,-3.21038e-05,-0.03216,-1.4313,0.428857,-1.43172,-0.000110688,0.000428423,0.428968,-0.0886592,-0.445362,-0.0882143,0.00013708,-0.000444933,-0.445499,1.51442,-0.453783,1.51487,0.000302109,-0.000453509,-0.454085,-6.23419e-05,8.67547e-06,-6.20635e-05,0.000286034,-2.7836e-07,-0.000277359,
11.2047,4.03407e-05,2.73352e-06,4.02947e-05,-0.00014597,4.59481e-08,0.000148704,-1.42841,-0.0455757,-1.42837,-0.0120456,-3.35137e-05,-0.03353,-1.42256,0.442207,-1.423,-0.000110763,0.000442159,0.442318,-0.0977319,-0.459226,-0.0972727,0.00013917,-0.0004592,-0.459365,1.50517,-0.467909,1.50564,0.000305889,-0.000468047,-0.468215,-6.21651e-05,8.94554e-06,-6.18892e-05,0.000283944,-2.75985e-07,-0.000274999,
11.2453,4.03955e-05,2.74708e-06,4.03523e-05,-0.000143149,4.32535e-08,0.000145896,-1.42932,-0.0458017,-1.42929,-0.0120505,-3.37498e-05,-0.0337512,-1.41368,0.4444,-1.41413,-0.000110828,0.000444498,0.444511,-0.106949,-0.461503,-0.106487,0.000141261,-0.000461631,-0.461644,1.49578,-0.470229,1.49625,0.000309708,-0.000470525,-0.470539,-6.19856e-05,8.9899e-06,-6.17118e-05,0.000281819,-2.73808e-07,-0.000272829,
11.2858,4.04506e-05,2.77744e-06,4.04101e-05,-0.000140304,4.05713e-08,0.000143081,-1.43024,-0.0463079,-1.43021,-0.0120542,-3.42214e-05,-0.0342538,-1.40477,0.449312,-1.40522,-0.000110881,0.000449109,0.449423,-0.116209,-0.466604,-0.115742,0.000143317,-0.000466421,-0.466747,1.48635,-0.475427,1.48682,0.000313514,-0.000475408,-0.47574,-6.18052e-05,9.08927e-06,-6.15336e-05,0.000279684,-2.71576e-07,-0.000270595,
11.3265,4.05074e-05,2.90525e-06,4.04694e-05,-0.000137357,3.79351e-08,0.000140263,-1.43119,-0.0484389,-1.43115,-0.0120565,-3.63198e-05,-0.0363824,-1.39559,0.469988,-1.39606,-0.000110921,0.000469492,0.470099,-0.125738,-0.488076,-0.125251,0.000145375,-0.00048759,-0.488221,1.47664,-0.497305,1.47713,0.000317387,-0.000496979,-0.497622,-6.16196e-05,9.50753e-06,-6.13506e-05,0.000277492,-2.68965e-07,-0.000267984,
11.3671,4.0567e-05,3.05827e-06,4.05318e-05,-0.000134239,3.51732e-08,0.000137297,-1.43218,-0.0509901,-1.43214,-0.0120574,-3.88707e-05,-0.0389328,-1.38594,0.494743,-1.38644,-0.000110948,0.000494251,0.494853,-0.135757,-0.513783,-0.135244,0.000147484,-0.000513305,-0.51393,1.46643,-0.523498,1.46695,0.000321417,-0.000523182,-0.523819,-6.14244e-05,1.00083e-05,-6.11583e-05,0.00027519,-2.66154e-07,-0.000265181,
11.4077,4.06296e-05,3.19308e-06,4.05973e-05,-0.00013095,3.22343e-08,0.000134143,-1.43323,-0.0532379,-1.43318,-0.0120568,-4.11313e-05,-0.0411811,-1.37582,0.516552,-1.37634,-0.000110961,0.00051618,0.516663,-0.146268,-0.536431,-0.145732,0.000149644,-0.00053608,-0.536581,1.45572,-0.546574,1.45627,0.000325602,-0.000546389,-0.5469,-6.12197e-05,1.04495e-05,-6.09564e-05,0.000272776,-2.63289e-07,-0.000262326,
11.4484,4.06945e-05,3.29571e-06,4.06654e-05,-0.000127518,2.91268e-08,0.000130814,-1.43431,-0.054949,-1.43427,-0.0120546,-4.28572e-05,-0.0428944,-1.36532,0.533154,-1.36585,-0.00011096,0.000532904,0.533265,-0.157178,-0.553672,-0.156624,0.000151829,-0.00055345,-0.553824,1.4446,-0.564141,1.44517,0.000329899,-0.00056409,-0.564471,-6.10072e-05,1.07853e-05,-6.07467e-05,0.000270272,-2.6044e-07,-0.000259487,
11.4891,4.07613e-05,3.37965e-06,4.07354e-05,-0.00012397,2.58947e-08,0.00012735,-1.43542,-0.0563485,-1.43538,-0.0120506,-4.42622e-05,-0.0442979,-1.35452,0.546733,-1.35506,-0.000110941,0.000546497,0.546844,-0.168393,-0.567774,-0.167825,0.000154012,-0.000567568,-0.567928,1.43318,-0.57851,1.43376,0.000334264,-0.000578478,-0.578844,-6.07887e-05,1.106e-05,-6.05311e-05,0.000267701,-2.57588e-07,-0.000256641,
11.5297,4.08299e-05,3.49296e-06,4.08072e-05,-0.000120304,2.26017e-08,0.000123797,-1.43656,-0.0582377,-1.43652,-0.0120445,-4.612e-05,-0.0461932,-1.34342,0.565064,-1.34399,-0.000110903,0.000564464,0.565175,-0.179915,-0.58681,-0.179329,0.000156183,-0.000586228,-0.586966,1.42144,-0.597906,1.42203,0.000338685,-0.000597493,-0.598245,-6.05643e-05,1.14308e-05,-6.03097e-05,0.000265066,-2.54582e-07,-0.000253635,
11.5697,4.09018e-05,3.70472e-06,4.08825e-05,-0.00011643,1.92769e-08,0.000120135,-1.43776,-0.0617684,-1.43771,-0.012036,-4.96464e-05,-0.0497323,-1.33178,0.59932,-1.33238,-0.000110841,0.000598597,0.599431,-0.192,-0.622385,-0.191379,0.000158374,-0.000621678,-0.622543,1.40912,-0.634154,1.40976,0.000343245,-0.000633615,-0.634497,-6.03288e-05,1.21238e-05,-6.00777e-05,0.000262312,-2.51128e-07,-0.000250188,
11.6109,4.09775e-05,3.84832e-06,4.09619e-05,-0.000112316,1.56423e-08,0.000116165,-1.43903,-0.0641625,-1.43897,-0.0120249,-5.2108e-05,-0.0521376,-1.31953,0.62255,-1.32015,-0.000110755,0.000622373,0.622661,-0.204728,-0.646509,-0.204082,0.000160602,-0.000646371,-0.646669,1.39615,-0.658734,1.39681,0.00034797,-0.000658777,-0.659082,-6.00809e-05,1.25937e-05,-5.98332e-05,0.000259416,-2.47743e-07,-0.000246822,
11.6515,4.10547e-05,3.83943e-06,4.1043e-05,-0.0001081,1.16969e-08,0.000111939,-1.44031,-0.0640143,-1.44026,-0.0120114,-5.20331e-05,-0.0520029,-1.30705,0.621112,-1.30767,-0.000110646,0.000621515,0.621223,-0.217684,-0.645015,-0.217039,0.000162794,-0.000645482,-0.645178,1.38295,-0.657212,1.38361,0.000352706,-0.000657874,-0.657564,-5.98285e-05,1.25647e-05,-5.95837e-05,0.000256471,-2.44813e-07,-0.000243907,
11.6915,4.11306e-05,3.75088e-06,4.11229e-05,-0.000103923,7.67045e-09,0.000107673,-1.44158,-0.0625379,-1.44153,-0.0119958,-5.057e-05,-0.0505421,-1.29478,0.606787,-1.29538,-0.000110516,0.000607168,0.606897,-0.230434,-0.630139,-0.229803,0.000164868,-0.000630585,-0.630304,1.36996,-0.642054,1.37061,0.000357286,-0.000642698,-0.642411,-5.95802e-05,1.22749e-05,-5.9338e-05,0.00025358,-2.42212e-07,-0.000241305,
11.732,4.12054e-05,3.73888e-06,4.12016e-05,-9.9777e-05,3.79531e-09,0.000103516,-1.44283,-0.0623378,-1.44278,-0.0119781,-5.03596e-05,-0.0503597,-1.28267,0.604846,-1.28328,-0.000110366,0.000604956,0.604956,-0.243001,-0.628123,-0.242373,0.000166818,-0.00062829,-0.62829,1.35716,-0.64,1.3578,0.000361702,-0.000640362,-0.640362,-5.93354e-05,1.22356e-05,-5.90959e-05,0.000250744,-2.39419e-07,-0.000238509,
11.7727,4.12801e-05,3.73888e-06,4.12802e-05,-9.55978e-05,-8.3785e-11,9.93367e-05,-1.44407,-0.0623378,-1.44402,-0.0119582,-5.03796e-05,-0.0503796,-1.27058,0.604846,-1.27118,-0.000110193,0.000604956,0.604956,-0.255563,-0.628123,-0.254935,0.000168677,-0.000628292,-0.628292,1.34436,-0.64,1.345,0.000366019,-0.000640366,-0.640366,-5.90907e-05,1.22356e-05,-5.88541e-05,0.000247922,-2.36596e-07,-0.000235686,
11.8133,4.13549e-05,3.73888e-06,4.13589e-05,-9.13873e-05,-3.98466e-09,9.51262e-05,-1.44532,-0.0623378,-1.44527,-0.0119361,-5.04017e-05,-0.0504017,-1.25848,0.604846,-1.25908,-0.000109998,0.000604956,0.604956,-0.268126,-0.628123,-0.267498,0.000170445,-0.000628293,-0.628293,1.33156,-0.64,1.3322,0.000370238,-0.00064037,-0.64037,-5.88459e-05,1.22356e-05,-5.86122e-05,0.000245113,-2.33785e-07,-0.000232877,
11.8539,4.14297e-05,3.73888e-06,4.14376e-05,-8.71452e-05,-7.9077e-09,9.08841e-05,-1.44657,-0.0623378,-1.44652,-0.0119117,-5.04261e-05,-0.0504261,-1.24638,0.604846,-1.24699,-0.000109781,0.000604955,0.604955,-0.280688,-0.628123,-0.28006,0.000172124,-0.000628295,-0.628295,1.31876,-0.64,1.3194,0.000374355,-0.000640374,-0.640374,-5.86012e-05,1.22356e-05,-5.83702e-05,0.000242318,-2.30989e-07,-0.000230082,
11.8951,4.15045e-05,3.73888e-06,4.15163e-05,-8.28716e-05,-1.18529e-08,8.66105e-05,-1.44781,-0.0623378,-1.44776,-0.0118851,-5.04527e-05,-0.0504527,-1.23429,0.604846,-1.23489,-0.000109542,0.000604955,0.604955,-0.293251,-0.628123,-0.292623,0.000173712,-0.000628297,-0.628297,1.30596,-0.64,1.3066,0.000378367,-0.000640378,-0.640378,-5.83565e-05,1.22356e-05,-5.81283e-05,0.000239537,-2.28208e-07,-0.000227302,
11.9358,4.15793e-05,3.73888e-06,4.15951e-05,-7.85668e-05,-1.58201e-08,8.23056e-05,-1.44906,-0.0623378,-1.44901,-0.0118563,-5.04815e-05,-0.0504815,-1.22219,0.604846,-1.22279,-0.000109281,0.000604955,0.604955,-0.305813,-0.628123,-0.305185,0.000175209,-0.000628298,-0.628298,1.29316,-0.64,1.2938,0.000382268,-0.000640382,-0.640382,-5.81118e-05,1.22356e-05,-5.78864e-05,0.000236774,-2.25444e-07,-0.000224538,
11.9758,4.1654e-05,3.73888e-06,4.16738e-05,-7.42309e-05,-1.98091e-08,7.79698e-05,-1.45031,-0.0623378,-1.45026,-0.0118253,-5.05125e-05,-0.0505125,-1.21009,0.604846,-1.2107,-0.000108999,0.000604955,0.604955,-0.318376,-0.628123,-0.317747,0.000176614,-0.0006283,-0.6283,1.28036,-0.64,1.281,0.000386057,-0.000640386,-0.640386,-5.78671e-05,1.22356e-05,-5.76444e-05,0.000234027,-2.22698e-07,-0.000221792,
12.0165,4.17288e-05,3.73888e-06,4.17526e-05,-6.98643e-05,-2.38195e-08,7.36032e-05,-1.45155,-0.0623378,-1.4515,-0.0117922,-5.05456e-05,-0.0505456,-1.198,0.604846,-1.1986,-0.000108695,0.000604954,0.604954,-0.330938,-0.628123,-0.33031,0.000177928,-0.000628301,-0.628301,1.26756,-0.64,1.2682,0.000389729,-0.00064039,-0.64039,-5.76224e-05,1.22356e-05,-5.74024e-05,0.000231299,-2.19971e-07,-0.000219064,
12.0567,4.18036e-05,3.73888e-06,4.18314e-05,-6.54676e-05,-2.7851e-08,6.92065e-05,-1.4528,-0.0623378,-1.45275,-0.0117569,-5.05809e-05,-0.050581,-1.1859,0.604846,-1.1865,-0.00010837,0.000604954,0.604954,-0.343501,-0.628123,-0.342872,0.000179148,-0.000628302,-0.628302,1.25476,-0.64,1.2554,0.000393281,-0.000640393,-0.640393,-5.73777e-05,1.22356e-05,-5.71604e-05,0.000228591,-2.17265e-07,-0.000216356,
12.0995,4.18784e-05,3.73888e-06,4.19103e-05,-6.10412e-05,-3.19031e-08,6.47801e-05,-1.45405,-0.0623378,-1.454,-0.0117194,-5.06184e-05,-0.0506184,-1.1738,0.604846,-1.17441,-0.000108023,0.000604954,0.604954,-0.356063,-0.628123,-0.355435,0.000180277,-0.000628303,-0.628303,1.24196,-0.64,1.2426,0.000396708,-0.000640397,-0.640397,-5.7133e-05,1.22356e-05,-5.69184e-05,0.000225904,-2.14579e-07,-0.000213669,
12.1395,4.19531e-05,3.73888e-06,4.19891e-05,-5.65858e-05,-3.59751e-08,6.03246e-05,-1.45529,-0.0623378,-1.45524,-0.0116797,-5.0658e-05,-0.0506581,-1.1617,0.604846,-1.16231,-0.000107656,0.000604953,0.604953,-0.368626,-0.628123,-0.367997,0.000181311,-0.000628304,-0.628304,1.22916,-0.64,1.2298,0.000400006,-0.0006404,-0.6404,-5.68882e-05,1.22356e-05,-5.66763e-05,0.00022324,-2.11917e-07,-0.000211004,
12.1802,4.20279e-05,3.73888e-06,4.2068e-05,-5.2102e-05,-4.00664e-08,5.58409e-05,-1.45654,-0.0623378,-1.45649,-0.011638,-5.06998e-05,-0.0506998,-1.14961,0.604846,-1.15021,-0.000107267,0.000604953,0.604953,-0.381188,-0.628123,-0.38056,0.000182253,-0.000628305,-0.628305,1.21636,-0.64,1.217,0.000403173,-0.000640403,-0.640403,-5.66435e-05,1.22356e-05,-5.64343e-05,0.000220598,-2.09278e-07,-0.000208363,
12.2207,4.21027e-05,3.73888e-06,4.21469e-05,-4.75908e-05,-4.41762e-08,5.13296e-05,-1.45779,-0.0623378,-1.45774,-0.0115941,-5.07437e-05,-0.0507437,-1.13751,0.604846,-1.13812,-0.000106858,0.000604952,0.604952,-0.39375,-0.628123,-0.393122,0.0001831,-0.000628306,-0.628306,1.20356,-0.64,1.2042,0.000406204,-0.000640406,-0.640406,-5.63988e-05,1.22356e-05,-5.61922e-05,0.000217982,-2.06665e-07,-0.000205746,
12.2613,4.21775e-05,3.73888e-06,4.22258e-05,-4.3053e-05,-4.83036e-08,4.67918e-05,-1.45903,-0.0623378,-1.45898,-0.0115481,-5.07897e-05,-0.0507897,-1.12541,0.604846,-1.12602,-0.000106427,0.000604952,0.604952,-0.406313,-0.628123,-0.405685,0.000183853,-0.000628307,-0.628307,1.19076,-0.64,1.1914,0.000409096,-0.000640409,-0.640409,-5.61541e-05,1.22356e-05,-5.595e-05,0.000215391,-2.04078e-07,-0.000203156,
12.3018,4.22523e-05,3.73888e-06,4.23047e-05,-3.84896e-05,-5.24476e-08,4.22285e-05,-1.46028,-0.0623378,-1.46023,-0.0115001,-5.08377e-05,-0.0508377,-1.11332,0.604846,-1.11392,-0.000105976,0.000604952,0.604952,-0.418875,-0.628123,-0.418247,0.000184511,-0.000628307,-0.628307,1.17796,-0.64,1.1786,0.000411843,-0.000640412,-0.640412,-5.59094e-05,1.22356e-05,-5.57079e-05,0.000212828,-2.01519e-07,-0.000200592,
12.3424,4.2327e-05,3.73888e-06,4.23836e-05,-3.39018e-05,-5.66071e-08,3.76406e-05,-1.46153,-0.0623378,-1.46148,-0.0114499,-5.08879e-05,-0.0508879,-1.10122,0.604846,-1.10183,-0.000105505,0.000604951,0.604951,-0.431438,-0.628123,-0.43081,0.000185074,-0.000628308,-0.628308,1.16516,-0.64,1.1658,0.000414444,-0.000640414,-0.640414,-5.56647e-05,1.22356e-05,-5.54657e-05,0.000210294,-1.9899e-07,-0.000198058,
12.3836,4.24018e-05,3.73888e-06,4.24626e-05,-2.92907e-05,-6.0781e-08,3.30296e-05,-1.46277,-0.0623378,-1.46272,-0.0113977,-5.09401e-05,-0.0509401,-1.08912,0.604846,-1.08973,-0.000105013,0.000604951,0.604951,-0.444,-0.628123,-0.443372,0.000185542,-0.000628308,-0.628308,1.15236,-0.64,1.153,0.000416893,-0.000640417,-0.640417,-5.542e-05,1.22356e-05,-5.52235e-05,0.000207789,-1.96491e-07,-0.000195554,
12.4237,4.24766e-05,3.73888e-06,4.25416e-05,-2.46578e-05,-6.4968e-08,2.83967e-05,-1.46402,-0.0623378,-1.46397,-0.0113434,-5.09944e-05,-0.0509944,-1.07703,0.604846,-1.07763,-0.000104502,0.00060495,0.60495,-0.456563,-0.628123,-0.455934,0.000185915,-0.000628309,-0.628309,1.13956,-0.64,1.1402,0.000419188,-0.000640419,-0.640419,-5.51753e-05,1.22356e-05,-5.49812e-05,0.000205316,-1.94024e-07,-0.000193081,
12.4644,4.25514e-05,3.73888e-06,4.26205e-05,-2.00044e-05,-6.91666e-08,2.37433e-05,-1.46527,-0.0623378,-1.46522,-0.0112871,-5.10507e-05,-0.0510507,-1.06493,0.604846,-1.06553,-0.00010397,0.00060495,0.60495,-0.469125,-0.628123,-0.468497,0.000186192,-0.000628309,-0.628309,1.12676,-0.64,1.1274,0.000421323,-0.000640421,-0.640421,-5.49305e-05,1.22356e-05,-5.4739e-05,0.000202876,-1.9159e-07,-0.00019064,
12.5049,4.26261e-05,3.73888e-06,4.26995e-05,-1.53322e-05,-7.33754e-08,1.9071e-05,-1.46651,-0.0623378,-1.46646,-0.0112287,-5.11091e-05,-0.0511091,-1.05283,0.604846,-1.05344,-0.000103418,0.000604949,0.604949,-0.481688,-0.628123,-0.481059,0.000186374,-0.000628309,-0.628309,1.11396,-0.64,1.1146,0.000423296,-0.000640423,-0.640423,-5.46858e-05,1.22356e-05,-5.44966e-05,0.00020047,-1.89191e-07,-0.000188234,
12.5455,4.27009e-05,3.73888e-06,4.27785e-05,-1.06427e-05,-7.75926e-08,1.43815e-05,-1.46776,-0.0623378,-1.46771,-0.0111684,-5.11694e-05,-0.0511694,-1.04074,0.604846,-1.04134,-0.000102847,0.000604948,0.604948,-0.49425,-0.628123,-0.493622,0.000186459,-0.000628309,-0.628309,1.10116,-0.64,1.1018,0.000425103,-0.000640425,-0.640425,-5.44411e-05,1.22356e-05,-5.42543e-05,0.000198099,-1.86827e-07,-0.000185863,
12.5861,4.27757e-05,3.73888e-06,4.28575e-05,-5.93772e-06,-8.18166e-08,9.67659e-06,-1.46901,-0.0623378,-1.46896,-0.011106,-5.12318e-05,-0.0512318,-1.02864,0.604846,-1.02924,-0.000102256,0.000604948,0.604948,-0.506813,-0.628123,-0.506184,0.000186448,-0.000628309,-0.628309,1.08836,-0.64,1.089,0.000426739,-0.000640427,-0.640427,-5.41964e-05,1.22356e-05,-5.40119e-05,0.000195765,-1.84501e-07,-0.000183529,
12.6273,4.28505e-05,3.73888e-06,4.29365e-05,-1.21926e-06,-8.60454e-08,4.95814e-06,-1.47025,-0.0623378,-1.4702,-0.0110417,-5.12961e-05,-0.0512961,-1.01654,0.604846,-1.01715,-0.000101647,0.000604947,0.604947,-0.519375,-0.628123,-0.518747,0.000186341,-0.000628309,-0.628309,1.07556,-0.64,1.0762,0.000428203,-0.000640428,-0.640428,-5.39517e-05,1.22356e-05,-5.37695e-05,0.000193469,-1.82214e-07,-0.000181233,
12.669,4.29252e-05,3.73888e-06,4.30155e-05,3.51068e-06,-9.02772e-08,2.28199e-07,-1.4715,-0.0623378,-1.47145,-0.0109753,-5.13625e-05,-0.0513625,-1.00444,0.604846,-1.00505,-0.000101018,0.000604947,0.604947,-0.531938,-0.628123,-0.531309,0.000186138,-0.000628309,-0.628309,1.06276,-0.64,1.0634,0.000429489,-0.000640429,-0.640429,-5.3707e-05,1.22356e-05,-5.3527e-05,0.000191213,-1.79966e-07,-0.000178977,
12.7095,4.3e-05,3.73888e-06,4.30945e-05,8.24991e-06,-9.45096e-08,-4.51104e-06,-1.47275,-0.0623378,-1.4727,-0.0109071,-5.14307e-05,-0.0514307,-0.992348,0.604846,-0.992953,-0.00010037,0.000604946,0.604946,-0.5445,-0.628123,-0.543872,0.000185838,-0.000628309,-0.628309,1.04996,-0.64,1.0506,0.000430594,-0.000640431,-0.640431,-5.34623e-05,1.22356e-05,-5.32845e-05,0.000188997,-1.7776e-07,-0.000176761,
12.7518,4.30748e-05,3.73888e-06,4.31735e-05,1.29961e-05,-9.87405e-08,-9.25725e-06,-1.47399,-0.0623378,-1.47394,-0.0108368,-5.15009e-05,-0.051501,-0.980251,0.604846,-0.980856,-9.97035e-05,0.000604945,0.604945,-0.557062,-0.628123,-0.556434,0.000185442,-0.000628308,-0.628308,1.03716,-0.64,1.0378,0.000431515,-0.000640432,-0.640432,-5.32176e-05,1.22356e-05,-5.3042e-05,0.000186823,-1.75596e-07,-0.000174587,
12.7925,4.31496e-05,3.73888e-06,4.32525e-05,1.77469e-05,-1.02967e-07,-1.4008e-05,-1.47524,-0.0623378,-1.47519,-0.0107647,-5.15731e-05,-0.0515731,-0.968154,0.604846,-0.968759,-9.90186e-05,0.000604945,0.604945,-0.569625,-0.628123,-0.568997,0.00018495,-0.000628308,-0.628308,1.02436,-0.64,1.025,0.00043225,-0.000640432,-0.640432,-5.29729e-05,1.22356e-05,-5.27994e-05,0.000184692,-1.73475e-07,-0.000172457,
12.8337,4.32244e-05,3.73888e-06,4.33315e-05,2.24997e-05,-1.07188e-07,-1.87608e-05,-1.47649,-0.0623378,-1.47644,-0.0106906,-5.16472e-05,-0.0516472,-0.956057,0.604846,-0.956662,-9.83155e-05,0.000604944,0.604944,-0.582187,-0.628123,-0.581559,0.000184362,-0.000628307,-0.628307,1.01156,-0.64,1.0122,0.000432793,-0.000640433,-0.640433,-5.27281e-05,1.22356e-05,-5.25567e-05,0.000182606,-1.71399e-07,-0.00017037,
12.8747,4.32991e-05,3.73888e-06,4.34105e-05,2.72517e-05,-1.114e-07,-2.35129e-05,-1.47773,-0.0623378,-1.47768,-0.0106147,-5.17231e-05,-0.0517231,-0.94396,0.604846,-0.944565,-9.75943e-05,0.000604943,0.604943,-0.59475,-0.628123,-0.594122,0.000183678,-0.000628307,-0.628307,0.998758,-0.64,0.999398,0.000433144,-0.000640433,-0.640433,-5.24834e-05,1.22356e-05,-5.23141e-05,0.000180565,-1.69369e-07,-0.000168329,
12.9165,4.33739e-05,3.73888e-06,4.34895e-05,3.2e-05,-1.15599e-07,-2.82611e-05,-1.47898,-0.0623378,-1.47893,-0.0105368,-5.18009e-05,-0.051801,-0.931863,0.604846,-0.932468,-9.68553e-05,0.000604942,0.604942,-0.607312,-0.628123,-0.606684,0.000182898,-0.000628306,-0.628306,0.985958,-0.64,0.986598,0.000433298,-0.000640433,-0.640433,-5.22387e-05,1.22356e-05,-5.20713e-05,0.000178571,-1.67386e-07,-0.000166335,
12.957,4.34487e-05,3.73888e-06,4.35685e-05,3.67411e-05,-1.19783e-07,-3.30022e-05,-1.48023,-0.0623378,-1.48018,-0.0104571,-5.18807e-05,-0.0518807,-0.919766,0.604846,-0.920371,-9.60988e-05,0.000604942,0.604942,-0.619875,-0.628123,-0.619246,0.000182022,-0.000628305,-0.628305,0.973158,-0.64,0.973798,0.000433253,-0.000640433,-0.640433,-5.1994e-05,1.22356e-05,-5.18286e-05,0.000176624,-1.6545e-07,-0.000164388,
12.9988,4.35235e-05,3.73888e-06,4.36474e-05,4.14721e-05,-1.23949e-07,-3.77333e-05,-1.48147,-0.0623378,-1.48142,-0.0103756,-5.19622e-05,-0.0519622,-0.907669,0.604846,-0.908274,-9.53249e-05,0.000604941,0.604941,-0.632437,-0.628123,-0.631809,0.000181052,-0.000628304,-0.628304,0.960358,-0.64,0.960998,0.000433007,-0.000640433,-0.640433,-5.17493e-05,1.22356e-05,-5.15857e-05,0.000174725,-1.63563e-07,-0.000162489,
13.0393,4.35982e-05,3.73888e-06,4.37263e-05,4.61896e-05,-1.28093e-07,-4.24508e-05,-1.48272,-0.0623378,-1.48267,-0.0102922,-5.20456e-05,-0.0520456,-0.895573,0.604846,-0.896178,-9.4534e-05,0.00060494,0.60494,-0.645,-0.628123,-0.644371,0.000179986,-0.000628303,-0.628303,0.947558,-0.64,0.948198,0.000432557,-0.000640433,-0.640433,-5.15046e-05,1.22356e-05,-5.13429e-05,0.000172876,-1.61725e-07,-0.00016064,
13.0806,4.3673e-05,3.73888e-06,4.38052e-05,5.089e-05,-1.32212e-07,-4.71511e-05,-1.48397,-0.0623378,-1.48392,-0.010207,-5.21308e-05,-0.0521308,-0.883476,0.604846,-0.884081,-9.37261e-05,0.000604939,0.604939,-0.657562,-0.628123,-0.656934,0.000178826,-0.000628302,-0.628302,0.934758,-0.64,0.935398,0.000431901,-0.000640432,-0.640432,-5.12599e-05,1.22356e-05,-5.10999e-05,0.000171076,-1.59938e-07,-0.000158841,
13.1217,4.37478e-05,3.73888e-06,4.38841e-05,5.55693e-05,-1.36301e-07,-5.18305e-05,-1.48522,-0.0623378,-1.48516,-0.01012,-5.22178e-05,-0.0522178,-0.871379,0.604846,-0.871984,-9.29017e-05,0.000604938,0.604938,-0.670125,-0.628123,-0.669496,0.000177572,-0.000628301,-0.628301,0.921958,-0.64,0.922598,0.000431037,-0.000640431,-0.640431,-5.10152e-05,1.22356e-05,-5.0857e-05,0.000169328,-1.58201e-07,-0.000157092,
13.1624,4.38226e-05,3.73888e-06,4.39629e-05,6.02236e-05,-1.40357e-07,-5.64848e-05,-1.48646,-0.0623378,-1.48641,-0.0100312,-5.23066e-05,-0.0523066,-0.859282,0.604846,-0.859887,-9.2061e-05,0.000604938,0.604938,-0.682687,-0.628123,-0.682059,0.000176224,-0.000628299,-0.628299,0.909158,-0.64,0.909798,0.000429964,-0.00064043,-0.64043,-5.07704e-05,1.22356e-05,-5.06139e-05,0.00016763,-1.56516e-07,-0.000155395,
13.203,4.38974e-05,3.73888e-06,4.40417e-05,6.48486e-05,-1.44376e-07,-6.11098e-05,-1.48771,-0.0623378,-1.48766,-0.00994059,-5.23972e-05,-0.0523972,-0.847185,0.604846,-0.84779,-9.12041e-05,0.000604937,0.604937,-0.695249,-0.628123,-0.694621,0.000174783,-0.000628298,-0.628298,0.896358,-0.64,0.896998,0.00042868,-0.000640429,-0.640429,-5.05257e-05,1.22356e-05,-5.03709e-05,0.000165985,-1.54882e-07,-0.000153749,
13.2436,4.39721e-05,3.73888e-06,4.41205e-05,6.944e-05,-1.48354e-07,-6.57011e-05,-1.48896,-0.0623378,-1.4889,-0.00984825,-5.24895e-05,-0.0524896,-0.835088,0.604846,-0.835693,-9.03314e-05,0.000604936,0.604936,-0.707812,-0.628123,-0.707184,0.00017325,-0.000628296,-0.628296,0.883558,-0.64,0.884198,0.000427184,-0.000640427,-0.640427,-5.0281e-05,1.22356e-05,-5.01277e-05,0.000164391,-1.53301e-07,-0.000152156,
13.2835,4.40469e-05,3.73888e-06,4.41992e-05,7.39932e-05,-1.52286e-07,-7.02543e-05,-1.4902,-0.0623378,-1.49015,-0.00975418,-5.25836e-05,-0.0525836,-0.822991,0.604846,-0.823596,-8.94431e-05,0.000604935,0.604935,-0.720374,-0.628123,-0.719746,0.000171625,-0.000628295,-0.628295,0.870758,-0.64,0.871398,0.000425476,-0.000640425,-0.640425,-5.00363e-05,1.22356e-05,-4.98845e-05,0.00016285,-1.51771e-07,-0.000150615,
13.324,4.41217e-05,3.73888e-06,4.42779e-05,7.85032e-05,-1.56167e-07,-7.47644e-05,-1.49145,-0.0623378,-1.4914,-0.00965838,-5.26794e-05,-0.0526794,-0.810894,0.604846,-0.811499,-8.85395e-05,0.000604934,0.604934,-0.732937,-0.628123,-0.732309,0.000169909,-0.000628293,-0.628293,0.857958,-0.64,0.858598,0.000423554,-0.000640424,-0.640424,-4.97916e-05,1.22356e-05,-4.96413e-05,0.000161362,-1.50295e-07,-0.000149126,
13.3641,4.41965e-05,3.73888e-06,4.43565e-05,8.29652e-05,-1.59992e-07,-7.92263e-05,-1.4927,-0.0623378,-1.49264,-0.00956087,-5.27769e-05,-0.0527769,-0.798797,0.604846,-0.799402,-8.76209e-05,0.000604933,0.604933,-0.745499,-0.628123,-0.744871,0.000168103,-0.000628291,-0.628291,0.845158,-0.64,0.845798,0.000421419,-0.000640421,-0.640421,-4.95469e-05,1.22356e-05,-4.9398e-05,0.000159926,-1.4887e-07,-0.00014769,
13.4053,4.42712e-05,3.73888e-06,4.4435e-05,8.73738e-05,-1.63757e-07,-8.36349e-05,-1.49394,-0.0623378,-1.49389,-0.00946168,-5.28761e-05,-0.0528761,-0.7867,0.604846,-0.787305,-8.66875e-05,0.000604932,0.604932,-0.758062,-0.628123,-0.757433,0.000166208,-0.000628289,-0.628289,0.832358,-0.64,0.832998,0.000419072,-0.000640419,-0.640419,-4.93022e-05,1.22356e-05,-4.91547e-05,0.000158542,-1.47498e-07,-0.000146307,
13.4459,4.4346e-05,3.73888e-06,4.45135e-05,9.17235e-05,-1.67455e-07,-8.79846e-05,-1.49519,-0.0623378,-1.49514,-0.0093608,-5.2977e-05,-0.052977,-0.774603,0.604846,-0.775208,-8.57396e-05,0.000604931,0.604931,-0.770624,-0.628123,-0.769996,0.000164224,-0.000628287,-0.628287,0.819558,-0.64,0.820198,0.000416511,-0.000640417,-0.640417,-4.90575e-05,1.22356e-05,-4.89113e-05,0.000157211,-1.46177e-07,-0.000144975,
13.4863,4.44208e-05,3.73888e-06,4.45919e-05,9.60086e-05,-1.71082e-07,-9.22697e-05,-1.49644,-0.0623378,-1.49638,-0.00925827,-5.30795e-05,-0.0530795,-0.762507,0.604846,-0.763111,-8.47775e-05,0.00060493,0.60493,-0.783187,-0.628123,-0.782558,0.000162154,-0.000628285,-0.628285,0.806758,-0.64,0.807398,0.00041374,-0.000640414,-0.640414,-4.88127e-05,1.22356e-05,-4.86678e-05,0.000155932,-1.44908e-07,-0.000143696,
13.5269,4.44956e-05,3.73888e-06,4.46702e-05,0.000100223,-1.74631e-07,-9.64843e-05,-1.49768,-0.0623378,-1.49763,-0.00915409,-5.31837e-05,-0.0531837,-0.75041,0.604846,-0.751015,-8.38015e-05,0.000604929,0.604929,-0.795749,-0.628123,-0.795121,0.000159997,-0.000628283,-0.628283,0.793958,-0.64,0.794598,0.000410758,-0.000640411,-0.640411,-4.8568e-05,1.22356e-05,-4.84243e-05,0.000154704,-1.43691e-07,-0.000142469,
13.5674,4.45704e-05,3.73888e-06,4.47485e-05,0.000104361,-1.78097e-07,-0.000100622,-1.49893,-0.0623378,-1.49888,-0.00904828,-5.32895e-05,-0.0532895,-0.738313,0.604846,-0.738918,-8.28118e-05,0.000604928,0.604928,-0.808312,-0.628123,-0.807683,0.000157754,-0.000628281,-0.628281,0.781158,-0.64,0.781798,0.000407568,-0.000640408,-0.640408,-4.83233e-05,1.22356e-05,-4.81808e-05,0.000153528,-1.42524e-07,-0.000141292,
13.608,4.46451e-05,3.73888e-06,4.48266e-05,0.000108416,-1.81473e-07,-0.000104677,-1.50018,-0.0623378,-1.50012,-0.00894087,-5.33969e-05,-0.0533969,-0.726216,0.604846,-0.726821,-8.18088e-05,0.000604927,0.604927,-0.820874,-0.628123,-0.820246,0.000155428,-0.000628278,-0.628278,0.768358,-0.64,0.768998,0.000404173,-0.000640404,-0.640404,-4.80786e-05,1.22356e-05,-4.79372e-05,0.000152402,-1.41406e-07,-0.000140166,
13.648,4.47199e-05,3.73888e-06,4.49047e-05,0.000112381,-1.84752e-07,-0.000108642,-1.50142,-0.0623378,-1.50137,-0.00883186,-5.35059e-05,-0.0535059,-0.714119,0.604846,-0.714724,-8.07926e-05,0.000604926,0.604926,-0.833437,-0.628123,-0.832808,0.00015302,-0.000628276,-0.628276,0.755558,-0.64,0.756198,0.000400574,-0.000640401,-0.640401,-4.78339e-05,1.22356e-05,-4.76936e-05,0.000151325,-1.40338e-07,-0.00013909,
13.6879,4.47947e-05,3.73888e-06,4.49826e-05,0.00011625,-1.87929e-07,-0.000112511,-1.50267,-0.0623378,-1.50262,-0.00872127,-5.36165e-05,-0.0536165,-0.702022,0.604846,-0.702627,-7.97636e-05,0.000604925,0.604925,-0.845999,-0.628123,-0.845371,0.00015053,-0.000628273,-0.628273,0.742758,-0.64,0.743398,0.000396776,-0.000640397,-0.640397,-4.75892e-05,1.22356e-05,-4.74499e-05,0.000150298,-1.39318e-07,-0.000138062,
13.7283,4.48695e-05,3.73888e-06,4.50605e-05,0.000120016,-1.90996e-07,-0.000116277,-1.50392,-0.0623378,-1.50386,-0.00860912,-5.37287e-05,-0.0537287,-0.689925,0.604846,-0.69053,-7.87221e-05,0.000604924,0.604924,-0.858561,-0.628123,-0.857933,0.00014796,-0.000628271,-0.628271,0.729958,-0.64,0.730598,0.000392781,-0.000640393,-0.640393,-4.73445e-05,1.22356e-05,-4.72061e-05,0.000149318,-1.38345e-07,-0.000137083,
13.7682,4.49442e-05,3.73888e-06,4.51382e-05,0.00012367,-1.93947e-07,-0.000119932,-1.50516,-0.0623378,-1.50511,-0.00849543,-5.38424e-05,-0.0538424,-0.677828,0.604846,-0.678433,-7.76683e-05,0.000604923,0.604923,-0.871124,-0.628123,-0.870496,0.000145312,-0.000628268,-0.628268,0.717158,-0.64,0.717798,0.000388595,-0.000640389,-0.640389,-4.70998e-05,1.22356e-05,-4.69623e-05,0.000148385,-1.37418e-07,-0.00013615,
13.8081,4.5019e-05,3.73888e-06,4.52158e-05,0.000127208,-1.96774e-07,-0.000123469,-1.50641,-0.0623378,-1.50636,-0.00838021,-5.39576e-05,-0.0539576,-0.665731,0.604846,-0.666336,-7.66025e-05,0.000604922,0.604922,-0.883686,-0.628123,-0.883058,0.000142587,-0.000628266,-0.628266,0.704358,-0.64,0.704998,0.000384222,-0.000640384,-0.640384,-4.68551e-05,1.22356e-05,-4.67185e-05,0.000147499,-1.36536e-07,-0.000135263,
13.8481,4.50938e-05,3.73888e-06,4.52933e-05,0.000130619,-1.9947e-07,-0.00012688,-1.50766,-0.0623378,-1.5076,-0.00826349,-5.40743e-05,-0.0540743,-0.653634,0.604846,-0.654239,-7.5525e-05,0.000604921,0.604921,-0.896249,-0.628123,-0.895621,0.000139786,-0.000628263,-0.628263,0.691558,-0.64,0.692198,0.000379666,-0.00064038,-0.64038,-4.66103e-05,1.22356e-05,-4.64746e-05,0.000146657,-1.35698e-07,-0.000134421,
13.8886,4.51686e-05,3.73888e-06,4.53706e-05,0.000133898,-2.02027e-07,-0.000130159,-1.5089,-0.0623378,-1.50885,-0.00814527,-5.41925e-05,-0.0541925,-0.641537,0.604846,-0.642142,-7.4436e-05,0.00060492,0.60492,-0.908811,-0.628123,-0.908183,0.000136912,-0.00062826,-0.62826,0.678758,-0.64,0.679398,0.000374935,-0.000640375,-0.640375,-4.63656e-05,1.22356e-05,-4.62307e-05,0.000145858,-1.34903e-07,-0.000133622,
13.9284,4.52434e-05,3.73888e-06,4.54478e-05,0.000137036,-2.04439e-07,-0.000133297,-1.51015,-0.0623378,-1.5101,-0.00802557,-5.43122e-05,-0.0543122,-0.629441,0.604846,-0.630045,-7.33357e-05,0.000604919,0.604919,-0.921374,-0.628123,-0.920745,0.000133966,-0.000628257,-0.628257,0.665958,-0.64,0.666598,0.000370033,-0.00064037,-0.64037,-4.61209e-05,1.22356e-05,-4.59868e-05,0.000145102,-1.34148e-07,-0.000132866,
13.969,4.53181e-05,3.73888e-06,4.55248e-05,0.000140026,-2.06697e-07,-0.000136287,-1.5114,-0.0623378,-1.51134,-0.00790442,-5.44334e-05,-0.0544334,-0.617344,0.604846,-0.617949,-7.22245e-05,0.000604918,0.604918,-0.933936,-0.628123,-0.933308,0.000130949,-0.000628254,-0.628254,0.653158,-0.64,0.653798,0.000364969,-0.000640365,-0.640365,-4.58762e-05,1.22356e-05,-4.57428e-05,0.000144387,-1.33434e-07,-0.000132151,
14.0096,4.53929e-05,3.73888e-06,4.56017e-05,0.000142859,-2.08795e-07,-0.000139121,-1.51264,-0.0623378,-1.51259,-0.00778183,-5.4556e-05,-0.054556,-0.605247,0.604846,-0.605852,-7.11025e-05,0.000604917,0.604917,-0.946499,-0.628123,-0.94587,0.000127863,-0.000628251,-0.628251,0.640358,-0.64,0.640998,0.000359748,-0.00064036,-0.64036,-4.56315e-05,1.22356e-05,-4.54987e-05,0.000143711,-1.32759e-07,-0.000131476,
14.0497,4.54677e-05,3.73888e-06,4.56784e-05,0.000145529,-2.10723e-07,-0.00014179,-1.51389,-0.0623378,-1.51384,-0.00765781,-5.468e-05,-0.05468,-0.59315,0.604846,-0.593755,-6.997e-05,0.000604916,0.604916,-0.959061,-0.628123,-0.958433,0.00012471,-0.000628248,-0.628248,0.627558,-0.64,0.628198,0.000354378,-0.000640354,-0.640354,-4.53868e-05,1.22356e-05,-4.52547e-05,0.000143075,-1.32122e-07,-0.000130839,
14.1003,4.55425e-05,3.73888e-06,4.57549e-05,0.000148026,-2.12476e-07,-0.000144287,-1.51514,-0.0623378,-1.51508,-0.0075324,-5.48054e-05,-0.0548054,-0.581053,0.604846,-0.581658,-6.88271e-05,0.000604914,0.604914,-0.971624,-0.628123,-0.970995,0.000121492,-0.000628244,-0.628244,0.614758,-0.64,0.615398,0.000348868,-0.000640349,-0.640349,-4.51421e-05,1.22356e-05,-4.50106e-05,0.000142476,-1.31521e-07,-0.000130241,
14.1504,4.56172e-05,3.73888e-06,4.58314e-05,0.000150142,-2.14189e-07,-0.000146403,-1.51638,-0.0623378,-1.51633,-0.00740902,-5.49288e-05,-0.0549288,-0.568956,0.604846,-0.569561,-6.77061e-05,0.000604913,0.604913,-0.984186,-0.628123,-0.983558,0.000118308,-0.000628241,-0.628241,0.601958,-0.64,0.602598,0.000343349,-0.000640343,-0.640343,-4.48974e-05,1.22356e-05,-4.47664e-05,0.000141914,-1.3092e-07,-0.000129678,
14.1982,4.5692e-05,3.73888e-06,4.59075e-05,0.000152909,-2.15451e-07,-0.000149171,-1.51763,-0.0623378,-1.51758,-0.00727201,-5.50658e-05,-0.0550658,-0.556859,0.604846,-0.557464,-6.64662e-05,0.000604912,0.604912,-0.996749,-0.628123,-0.99612,0.000114703,-0.000628238,-0.628238,0.589158,-0.64,0.589798,0.000337195,-0.000640337,-0.640337,-4.46526e-05,1.22356e-05,-4.45222e-05,0.000141376,-1.30416e-07,-0.00012914,
14.2451,4.57668e-05,3.73888e-06,4.59834e-05,0.000154791,-2.16635e-07,-0.000151052,-1.51888,-0.0623378,-1.51882,-0.00714341,-5.51944e-05,-0.0551944,-0.544762,0.604846,-0.545367,-6.53025e-05,0.000604911,0.604911,-1.00931,-0.628123,-1.00868,0.000111327,-0.000628234,-0.628234,0.576358,-0.64,0.576998,0.00033135,-0.000640331,-0.640331,-4.44079e-05,1.22356e-05,-4.4278e-05,0.000140882,-1.29913e-07,-0.000128647,
14.2912,4.58416e-05,3.73888e-06,4.60594e-05,0.000155966,-2.17796e-07,-0.000152227,-1.52012,-0.0623378,-1.52007,-0.00701995,-5.53178e-05,-0.0553179,-0.532665,0.604846,-0.53327,-6.41828e-05,0.00060491,0.60491,-1.02187,-0.628123,-1.02125,0.000108085,-0.000628231,-0.628231,0.563558,-0.64,0.564198,0.000325715,-0.000640326,-0.640326,-4.41632e-05,1.22356e-05,-4.40338e-05,0.000140438,-1.29411e-07,-0.000128202,
14.3391,4.59163e-05,3.73888e-06,4.61354e-05,0.000159446,-2.19046e-07,-0.000155707,-1.52137,-0.0623378,-1.52132,-0.00686773,-5.54701e-05,-0.0554701,-0.520568,0.604846,-0.521173,-6.28235e-05,0.000604908,0.604908,-1.03444,-0.628123,-1.03381,0.00010379,-0.000628227,-0.628227,0.550758,-0.64,0.551398,0.000318624,-0.000640319,-0.640319,-4.39185e-05,1.22356e-05,-4.37892e-05,0.00014022,-1.29297e-07,-0.000127985,
14.3893,4.59911e-05,3.73888e-06,4.61787e-05,0.000138373,-1.87545e-07,-0.000134634,-1.52262,-0.0623378,-1.52256,-0.00684524,-5.54926e-05,-0.0554926,-0.508471,0.604846,-0.509076,-6.24513e-05,0.000604908,0.604908,-1.047,-0.628123,-1.04637,9.97775e-05,-0.000628223,-0.628223,0.537958,-0.64,0.538598,0.000311014,-0.000640311,-0.640311,-4.36738e-05,1.22356e-05,-4.35439e-05,0.00014107,-1.29875e-07,-0.000128834,
14.4354,4.60659e-05,3.73888e-06,4.6286e-05,0.000161729,-2.2005e-07,-0.00015799,-1.52386,-0.0623378,-1.52381,-0.0066012,-5.57366e-05,-0.0557366,-0.496375,0.604846,-0.496979,-6.04293e-05,0.000604906,0.604906,-1.05956,-0.628123,-1.05893,9.66492e-05,-0.00062822,-0.62822,0.525158,-0.64,0.525798,0.000306284,-0.000640306,-0.640306,-4.34291e-05,1.22356e-05,-4.33006e-05,0.00013946,-1.28498e-07,-0.000127225,
14.4815,4.61407e-05,3.73888e-06,4.63602e-05,0.000161096,-2.19555e-07,-0.000157357,-1.52511,-0.0623378,-1.52506,-0.0064796,-5.58582e-05,-0.0558582,-0.484278,0.604846,-0.484883,-5.9331e-05,0.000604905,0.604905,-1.07212,-0.628123,-1.0715,9.35667e-05,-0.000628216,-0.628216,0.512358,-0.64,0.512998,0.000300705,-0.000640301,-0.640301,-4.31844e-05,1.22356e-05,-4.30565e-05,0.000138907,-1.27877e-07,-0.000126671,
14.5294,4.62155e-05,3.73888e-06,4.63973e-05,0.000138965,-1.81791e-07,-0.000135226,-1.52636,-0.0623378,-1.5263,-0.00645659,-5.58812e-05,-0.0558812,-0.472181,0.604846,-0.472786,-5.89506e-05,0.000604905,0.604905,-1.08469,-0.628123,-1.08406,8.87964e-05,-0.000628212,-0.628212,0.499558,-0.64,0.500198,0.000292557,-0.000640293,-0.640293,-4.29397e-05,1.22356e-05,-4.28107e-05,0.000140367,-1.28985e-07,-0.000128132,
14.5756,4.62902e-05,3.73888e-06,4.65105e-05,0.000163851,-2.20241e-07,-0.000160113,-1.5276,-0.0623378,-1.52755,-0.00618699,-5.61508e-05,-0.0561508,-0.460084,0.604846,-0.460689,-5.67251e-05,0.000604902,0.604902,-1.09725,-0.628123,-1.09662,8.53629e-05,-0.000628208,-0.628208,0.486758,-0.64,0.487398,0.000287075,-0.000640287,-0.640287,-4.2695e-05,1.22356e-05,-4.25673e-05,0.000138605,-1.27634e-07,-0.00012637,
14.6275,4.6365e-05,3.73888e-06,4.65838e-05,0.000162269,-2.18791e-07,-0.00015853,-1.52885,-0.0623378,-1.5288,-0.00606414,-5.62737e-05,-0.0562737,-0.447987,0.604846,-0.448592,-5.56196e-05,0.000604901,0.604901,-1.10981,-0.628123,-1.10918,8.223e-05,-0.000628205,-0.628205,0.473958,-0.64,0.474598,0.000281482,-0.000640281,-0.640281,-4.24502e-05,1.22356e-05,-4.23232e-05,0.000138099,-1.27047e-07,-0.000125863,
14.6796,4.64398e-05,3.73888e-06,4.66587e-05,0.000163605,-2.18889e-07,-0.000159866,-1.5301,-0.0623378,-1.53004,-0.00590883,-5.6429e-05,-0.056429,-0.43589,0.604846,-0.436495,-5.42442e-05,0.0006049,0.6049,-1.12237,-0.628123,-1.12174,7.77871e-05,-0.000628201,-0.628201,0.461158,-0.64,0.461798,0.000274304,-0.000640274,-0.640274,-4.22055e-05,1.22356e-05,-4.20784e-05,0.000138114,-1.27087e-07,-0.000125878,
14.7297,4.65146e-05,3.73888e-06,4.67322e-05,0.000163211,-2.17595e-07,-0.000159472,-1.53135,-0.0623378,-1.53129,-0.00576823,-5.65696e-05,-0.0565696,-0.423793,0.604846,-0.424398,-5.29956e-05,0.000604899,0.604899,-1.13494,-0.628123,-1.13431,7.39052e-05,-0.000628197,-0.628197,0.448358,-0.64,0.448998,0.00026787,-0.000640268,-0.640268,-4.19608e-05,1.22356e-05,-4.18339e-05,0.000137962,-1.26904e-07,-0.000125727,
14.7796,4.65893e-05,3.73888e-06,4.68057e-05,0.000162662,-2.16364e-07,-0.000158923,-1.53259,-0.0623378,-1.53254,-0.00562457,-5.67132e-05,-0.0567132,-0.411696,0.604846,-0.412301,-5.17196e-05,0.000604897,0.604897,-1.1475,-0.628123,-1.14687,6.99253e-05,-0.000628193,-0.628193,0.435558,-0.64,0.436198,0.000261346,-0.000640261,-0.640261,-4.17161e-05,1.22356e-05,-4.15893e-05,0.000137834,-1.26767e-07,-0.000125598,
14.8302,4.66641e-05,3.73888e-06,4.68791e-05,0.000161854,-2.14986e-07,-0.000158115,-1.53384,-0.0623378,-1.53378,-0.00547981,-5.6858e-05,-0.056858,-0.399599,0.604846,-0.400204,-5.04351e-05,0.000604896,0.604896,-1.16006,-0.628123,-1.15943,6.59052e-05,-0.000628189,-0.628189,0.422758,-0.64,0.423398,0.000254825,-0.000640255,-0.640255,-4.14714e-05,1.22356e-05,-4.13447e-05,0.000137739,-1.26663e-07,-0.000125503,
14.8803,4.67389e-05,3.73888e-06,4.69523e-05,0.000160788,-2.13369e-07,-0.000157049,-1.53509,-0.0623378,-1.53503,-0.00533398,-5.70038e-05,-0.0570038,-0.387502,0.604846,-0.388107,-4.91421e-05,0.000604895,0.604895,-1.17262,-0.628123,-1.17199,6.18454e-05,-0.000628185,-0.628185,0.409958,-0.64,0.410598,0.000248313,-0.000640248,-0.640248,-4.12267e-05,1.22356e-05,-4.11001e-05,0.000137678,-1.26594e-07,-0.000125442,
14.9303,4.68137e-05,3.73888e-06,4.70252e-05,0.000159463,-2.11509e-07,-0.000155724,-1.53633,-0.0623378,-1.53628,-0.00518711,-5.71507e-05,-0.0571507,-0.375405,0.604846,-0.37601,-4.78408e-05,0.000604893,0.604893,-1.18519,-0.628123,-1.18456,5.77473e-05,-0.000628181,-0.628181,0.397158,-0.64,0.397798,0.000241817,-0.000640242,-0.640242,-4.0982e-05,1.22356e-05,-4.08554e-05,0.000137652,-1.26559e-07,-0.000125416,
14.9803,4.68885e-05,3.73888e-06,4.70979e-05,0.000157879,-2.09402e-07,-0.00015414,-1.53758,-0.0623378,-1.53752,-0.00503922,-5.72986e-05,-0.0572986,-0.363308,0.604846,-0.363913,-4.65311e-05,0.000604892,0.604892,-1.19775,-0.628123,-1.19712,5.36127e-05,-0.000628177,-0.628177,0.384358,-0.64,0.384998,0.000235345,-0.000640235,-0.640235,-4.07373e-05,1.22356e-05,-4.06107e-05,0.000137662,-1.26559e-07,-0.000125426,
15.0307,4.69632e-05,3.73888e-06,4.71703e-05,0.000156038,-2.0705e-07,-0.000152299,-1.53883,-0.0623378,-1.53877,-0.00489034,-5.74475e-05,-0.0574475,-0.351212,0.604846,-0.351816,-4.52131e-05,0.000604891,0.604891,-1.21031,-0.628123,-1.20968,4.94422e-05,-0.000628172,-0.628172,0.371558,-0.64,0.372198,0.000228903,-0.000640229,-0.640229,-4.04925e-05,1.22356e-05,-4.03659e-05,0.000137708,-1.26597e-07,-0.000125473,
15.0807,4.7038e-05,3.73888e-06,4.72425e-05,0.000153942,-2.04454e-07,-0.000150203,-1.54007,-0.0623378,-1.54001,-0.00474049,-5.75973e-05,-0.0575973,-0.339115,0.604846,-0.33972,-4.38869e-05,0.000604889,0.604889,-1.22287,-0.628123,-1.22224,4.52371e-05,-0.000628168,-0.628168,0.358758,-0.64,0.359398,0.000222495,-0.000640222,-0.640222,-4.02478e-05,1.22356e-05,-4.01212e-05,0.000137793,-1.26672e-07,-0.000125557,
15.1312,4.71128e-05,3.73888e-06,4.73144e-05,0.000151592,-2.01616e-07,-0.000147853,-1.54132,-0.0623378,-1.54126,-0.00458971,-5.77481e-05,-0.0577481,-0.327018,0.604846,-0.327623,-4.25524e-05,0.000604888,0.604888,-1.23544,-0.628123,-1.23481,4.09992e-05,-0.000628164,-0.628164,0.345958,-0.64,0.346598,0.000216128,-0.000640216,-0.640216,-4.00031e-05,1.22356e-05,-3.98763e-05,0.000137916,-1.26785e-07,-0.000125681,
15.1813,4.71876e-05,3.73888e-06,4.73861e-05,0.000148991,-1.98542e-07,-0.000145252,-1.54257,-0.0623378,-1.54251,-0.00443802,-5.78998e-05,-0.0578998,-0.314921,0.604846,-0.315526,-4.12098e-05,0.000604887,0.604887,-1.248,-0.628123,-1.24737,3.67293e-05,-0.00062816,-0.62816,0.333158,-0.64,0.333798,0.000209805,-0.00064021,-0.64021,-3.97584e-05,1.22356e-05,-3.96315e-05,0.00013808,-1.26937e-07,-0.000125844,
15.2314,4.72623e-05,3.73888e-06,4.74576e-05,0.000146147,-1.95236e-07,-0.000142408,-1.54381,-0.0623378,-1.54375,-0.00428545,-5.80523e-05,-0.0580524,-0.302824,0.604846,-0.303429,-3.98592e-05,0.000604885,0.604885,-1.26056,-0.628123,-1.25993,3.24282e-05,-0.000628155,-0.628155,0.320358,-0.64,0.320998,0.000203528,-0.000640204,-0.640204,-3.95137e-05,1.22356e-05,-3.93866e-05,0.000138284,-1.27131e-07,-0.000126048,
15.2815,4.73371e-05,3.73888e-06,4.75288e-05,0.00014306,-1.91701e-07,-0.000139321,-1.54506,-0.0623378,-1.545,-0.00413204,-5.82058e-05,-0.0582058,-0.290727,0.604846,-0.291332,-3.85006e-05,0.000604884,0.604884,-1.27312,-0.628123,-1.27249,2.80978e-05,-0.000628151,-0.628151,0.307558,-0.64,0.308198,0.000197301,-0.000640197,-0.640197,-3.9269e-05,1.22356e-05,-3.91416e-05,0.00013853,-1.27365e-07,-0.000126294,
15.3321,4.74119e-05,3.73926e-06,4.75998e-05,0.000139735,-1.87944e-07,-0.000135996,-1.54631,-0.0623442,-1.54625,-0.00397782,-5.83647e-05,-0.0583664,-0.27863,0.604908,-0.279235,-3.71341e-05,0.000604928,0.604945,-1.28569,-0.628188,-1.28506,2.37393e-05,-0.000628194,-0.628211,0.294758,-0.640066,0.295398,0.000191126,-0.000640239,-0.640257,-3.90243e-05,1.22369e-05,-3.88966e-05,0.000138817,-1.2764e-07,-0.00012658,
15.382,4.74868e-05,3.7496e-06,4.76707e-05,0.000136175,-1.8395e-07,-0.000132425,-1.54755,-0.0625167,-1.5475,-0.0038227,-5.86893e-05,-0.058694,-0.266517,0.606581,-0.267123,-3.5759e-05,0.000606572,0.606617,-1.29826,-0.629925,-1.29763,1.93498e-05,-0.000629898,-0.629944,0.28194,-0.641836,0.282582,0.000184998,-0.000641974,-0.642021,-3.87792e-05,1.22707e-05,-3.86513e-05,0.000139148,-1.27927e-07,-0.000126878,
15.4327,4.75618e-05,3.7537e-06,4.77416e-05,0.000132382,-1.79741e-07,-0.000128629,-1.54881,-0.062585,-1.54875,-0.00366643,-5.89204e-05,-0.0589186,-0.254374,0.607244,-0.254982,-3.43727e-05,0.000607297,0.607279,-1.31087,-0.630614,-1.31024,1.4923e-05,-0.000630647,-0.630629,0.269092,-0.642538,0.269735,0.000178907,-0.000642736,-0.642717,-3.85336e-05,1.22841e-05,-3.84053e-05,0.000139524,-1.28277e-07,-0.000127239,
15.4832,4.76368e-05,3.73903e-06,4.78122e-05,0.000128384,-1.7537e-07,-0.000124645,-1.55006,-0.0623404,-1.55,-0.00350947,-5.88406e-05,-0.058831,-0.242248,0.604871,-0.242853,-3.2979e-05,0.000604998,0.604904,-1.32347,-0.628149,-1.32284,1.04723e-05,-0.000628257,-0.62816,0.256261,-0.640027,0.256901,0.00017287,-0.000640299,-0.6402,-3.82883e-05,1.22361e-05,-3.81596e-05,0.000139943,-1.28732e-07,-0.000127706,
15.5342,4.77113e-05,3.71225e-06,4.78822e-05,0.000124206,-1.70858e-07,-0.000120494,-1.5513,-0.0618939,-1.55124,-0.0033526,-5.85522e-05,-0.0585413,-0.230193,0.600539,-0.230794,-3.15848e-05,0.000600676,0.600571,-1.33599,-0.623651,-1.33536,6.01998e-06,-0.000623766,-0.623657,0.243506,-0.635443,0.244141,0.000166915,-0.000635721,-0.63561,-3.80444e-05,1.21485e-05,-3.79152e-05,0.000140403,-1.29268e-07,-0.000128254,
15.5858,4.77854e-05,3.71421e-06,4.79516e-05,0.000119851,-1.66156e-07,-0.000116137,-1.55253,-0.0619265,-1.55248,-0.00319608,-5.87097e-05,-0.0587304,-0.218203,0.600855,-0.218803,-3.01925e-05,0.000600684,0.600885,-1.34844,-0.623978,-1.34781,1.57358e-06,-0.000623771,-0.62398,0.230818,-0.635777,0.231454,0.000161046,-0.000635725,-0.635938,-3.78019e-05,1.21549e-05,-3.76721e-05,0.000140904,-1.29757e-07,-0.000128749,
15.6379,4.78603e-05,3.76729e-06,4.80214e-05,0.000115241,-1.61129e-07,-0.000111473,-1.55378,-0.0628116,-1.55372,-0.00303803,-5.97606e-05,-0.0597736,-0.206094,0.609443,-0.206703,-2.87857e-05,0.000609346,0.609471,-1.36101,-0.632897,-1.36038,-2.91966e-06,-0.000632763,-0.632894,0.218005,-0.644864,0.21865,0.000155189,-0.000644886,-0.645019,-3.75569e-05,1.23286e-05,-3.74268e-05,0.000141452,-1.30121e-07,-0.000129123,
15.6969,4.79356e-05,3.7416e-06,4.80916e-05,0.000110438,-1.56016e-07,-0.000106696,-1.55504,-0.0623833,-1.55498,-0.00287789,-5.95408e-05,-0.0595054,-0.193914,0.605287,-0.19452,-2.73585e-05,0.000605658,0.605314,-1.37366,-0.628581,-1.37303,-7.47487e-06,-0.000628931,-0.628573,0.205118,-0.640467,0.205759,0.000149323,-0.00064098,-0.640616,-3.73105e-05,1.22445e-05,-3.71797e-05,0.000142047,-1.30782e-07,-0.000129803,
15.7563,4.80092e-05,3.59977e-06,4.81602e-05,0.000105616,-1.51071e-07,-0.000102016,-1.55626,-0.0600186,-1.55621,-0.00271963,-5.7375e-05,-0.057299,-0.182012,0.582343,-0.182595,-2.59459e-05,0.000583106,0.582369,-1.38602,-0.604754,-1.38542,-1.19805e-05,-0.000605508,-0.604742,0.192524,-0.616189,0.193141,0.000143586,-0.000617113,-0.616333,-3.70697e-05,1.17804e-05,-3.69379e-05,0.000142675,-1.31854e-07,-0.000130895,
15.8164,4.80793e-05,3.42114e-06,4.81509e-05,7.04237e-05,-7.16095e-08,-6.70025e-05,-1.55743,-0.0570402,-1.55738,-0.00281379,-5.42864e-05,-0.0542264,-0.170664,0.553444,-0.171218,-2.65395e-05,0.000554053,0.553471,-1.39781,-0.574743,-1.39723,-1.49885e-05,-0.000575333,-0.574728,0.180517,-0.585611,0.181103,0.000139886,-0.000586367,-0.585751,-3.68402e-05,1.11958e-05,-3.67055e-05,0.000145971,-1.34682e-07,-0.000134775,
15.8758,4.81467e-05,3.32683e-06,4.82396e-05,7.38241e-05,-9.29698e-08,-7.04973e-05,-1.55856,-0.0554678,-1.5585,-0.00255616,-5.29429e-05,-0.0529116,-0.159764,0.538188,-0.160302,-2.43244e-05,0.000538515,0.538212,-1.40913,-0.5589,-1.40857,-2.08061e-05,-0.000559194,-0.558879,0.168983,-0.569468,0.169552,0.00013158,-0.000569921,-0.5696,-3.66197e-05,1.08872e-05,-3.64839e-05,0.000146212,-1.35747e-07,-0.000135325,
15.9364,4.82125e-05,3.25194e-06,4.82949e-05,6.408e-05,-8.24028e-08,-6.08281e-05,-1.55965,-0.0542192,-1.5596,-0.00242673,-5.18263e-05,-0.0517925,-0.149119,0.526073,-0.149645,-2.31758e-05,0.000526424,0.526096,-1.42018,-0.546319,-1.41963,-2.43503e-05,-0.000546635,-0.546295,0.157719,-0.556649,0.158276,0.000126914,-0.000557123,-0.556776,-3.64044e-05,1.06421e-05,-3.6268e-05,0.000146564,-1.36308e-07,-0.000135922,
15.997,4.82766e-05,3.15555e-06,4.83488e-05,5.54077e-05,-7.22401e-08,-5.22522e-05,-1.56072,-0.0526121,-1.56067,-0.00229166,-5.03674e-05,-0.0503204,-0.138745,0.51048,-0.139256,-2.1975e-05,0.000510957,0.510501,-1.43095,-0.530125,-1.43042,-2.83119e-05,-0.00053057,-0.530097,0.146742,-0.540149,0.147283,0.000121927,-0.000540753,-0.540271,-3.61945e-05,1.03266e-05,-3.60572e-05,0.000147298,-1.37325e-07,-0.000136971,
16.0587,4.83385e-05,3.02617e-06,4.8402e-05,4.79749e-05,-6.3487e-08,-4.49488e-05,-1.56175,-0.050455,-1.56171,-0.0021604,-4.8354e-05,-0.0482945,-0.128736,0.48955,-0.129227,-2.08033e-05,0.000490147,0.489571,-1.44135,-0.50839,-1.44084,-3.21493e-05,-0.000508957,-0.508358,0.136152,-0.518003,0.136671,0.000117144,-0.00051873,-0.51812,-3.5992e-05,9.90324e-06,-3.58536e-05,0.000148035,-1.38453e-07,-0.000138132,
16.1208,4.83975e-05,2.87929e-06,4.84534e-05,4.15325e-05,-5.59187e-08,-3.86532e-05,-1.56274,-0.048006,-1.56269,-0.00203448,-4.60316e-05,-0.0459715,-0.119183,0.465788,-0.119649,-1.96761e-05,0.00046639,0.465808,-1.45127,-0.483714,-1.45078,-3.58176e-05,-0.000484283,-0.483678,0.126043,-0.49286,0.126537,0.000112612,-0.000493589,-0.492973,-3.57988e-05,9.42256e-06,-3.56591e-05,0.000148763,-1.39635e-07,-0.00013934,
16.1819,4.84538e-05,2.76017e-06,4.85031e-05,3.58952e-05,-4.92657e-08,-3.31351e-05,-1.56368,-0.04602,-1.56363,-0.00191424,-4.41351e-05,-0.0441057,-0.110078,0.446518,-0.110525,-1.85973e-05,0.000446822,0.446537,-1.46072,-0.463702,-1.46026,-3.93064e-05,-0.000463959,-0.463663,0.116409,-0.47247,0.116882,0.000108336,-0.00047288,-0.472579,-3.56146e-05,9.03275e-06,-3.54739e-05,0.000149476,-1.40719e-07,-0.000140444,
16.2424,4.85087e-05,2.74006e-06,4.85518e-05,3.08035e-05,-4.31301e-08,-2.80634e-05,-1.56459,-0.0456847,-1.56455,-0.00179763,-4.38852e-05,-0.043887,-0.1012,0.443265,-0.101643,-1.75494e-05,0.000443264,0.443283,-1.46994,-0.460324,-1.46948,-4.26784e-05,-0.000460263,-0.460281,0.107015,-0.469028,0.107484,0.00010423,-0.000469113,-0.469133,-3.5435e-05,8.96694e-06,-3.52935e-05,0.000150187,-1.41479e-07,-0.00014122,
16.3025,4.85635e-05,2.73214e-06,4.86009e-05,2.60758e-05,-3.73887e-08,-2.33437e-05,-1.56551,-0.0455526,-1.56546,-0.00168138,-4.38852e-05,-0.0438712,-0.0923363,0.441983,-0.0927784,-1.65032e-05,0.000442135,0.442,-1.47915,-0.458993,-1.47869,-4.60308e-05,-0.000459088,-0.458947,0.0976363,-0.467672,0.0981042,0.000100168,-0.000467916,-0.467772,-3.52557e-05,8.94101e-06,-3.51135e-05,0.000150912,-1.42207e-07,-0.000141971,
16.363,4.86175e-05,2.65044e-06,4.86496e-05,2.17295e-05,-3.21647e-08,-1.90791e-05,-1.56641,-0.0441905,-1.56636,-0.00156599,-4.26797e-05,-0.0426245,-0.0836017,0.428768,-0.0840311,-1.5463e-05,0.000429318,0.428783,-1.48822,-0.445269,-1.48777,-4.93513e-05,-0.000445775,-0.44522,0.0883941,-0.453688,0.0888485,9.61572e-05,-0.000454351,-0.453785,-3.5079e-05,8.67367e-06,-3.49358e-05,0.000151646,-1.43182e-07,-0.000142972,
16.424,4.86688e-05,2.46133e-06,4.86964e-05,1.78775e-05,-2.76378e-08,-1.54162e-05,-1.56726,-0.0410375,-1.56722,-0.00145506,-3.96822e-05,-0.0395824,-0.0753033,0.398175,-0.0757024,-1.44614e-05,0.000399157,0.398189,-1.49684,-0.413498,-1.49642,-5.25391e-05,-0.000414451,-0.413446,0.0796134,-0.421317,0.0800358,9.23111e-05,-0.000422434,-0.421409,-3.49111e-05,8.05479e-06,-3.47666e-05,0.000152362,-1.44491e-07,-0.000144307,
16.4846,4.87153e-05,2.18344e-06,4.87392e-05,1.46263e-05,-2.3922e-08,-1.24428e-05,-1.56804,-0.0364042,-1.568,-0.00135308,-3.51772e-05,-0.0350511,-0.0677724,0.353219,-0.0681268,-1.3539e-05,0.000354456,0.353233,-1.50466,-0.366813,-1.50429,-5.54665e-05,-0.000368028,-0.366757,0.0716448,-0.373749,0.0720199,8.87837e-05,-0.000375132,-0.373837,-3.47588e-05,7.14537e-06,-3.46127e-05,0.000153028,-1.46045e-07,-0.000145883,
16.5441,4.8756e-05,1.8877e-06,4.8777e-05,1.19957e-05,-2.09714e-08,-1.0108e-05,-1.56872,-0.0314733,-1.56869,-0.00126317,-3.03225e-05,-0.0302102,-0.0611956,0.305377,-0.0615021,-1.27244e-05,0.00030648,0.305389,-1.51149,-0.317129,-1.51117,-5.80438e-05,-0.000318203,-0.317071,0.0646858,-0.323126,0.0650101,8.56827e-05,-0.000324365,-0.323211,-3.46257e-05,6.17755e-06,-3.44781e-05,0.000153622,-1.47594e-07,-0.000147445,
16.6041,4.87915e-05,1.69546e-06,4.881e-05,9.83557e-06,-1.8481e-08,-8.14011e-06,-1.56931,-0.0282682,-1.56928,-0.0011849,-2.71308e-05,-0.0270833,-0.0554458,0.274278,-0.0557206,-1.20147e-05,0.000274751,0.27429,-1.51746,-0.284834,-1.51717,-6.02846e-05,-0.000285252,-0.284773,0.0586017,-0.29022,0.0588925,8.29898e-05,-0.00029079,-0.290303,-3.45094e-05,5.54845e-06,-3.43607e-05,0.000154147,-1.48747e-07,-0.000148598,
16.6636,4.88244e-05,1.5963e-06,4.88405e-05,7.88969e-06,-1.61459e-08,-6.29339e-06,-1.56986,-0.026615,-1.56983,-0.0011135,-2.55377e-05,-0.0255015,-0.0501279,0.258237,-0.0503865,-1.13674e-05,0.0002586,0.258249,-1.52298,-0.268175,-1.52271,-6.23253e-05,-0.000268478,-0.268113,0.0529747,-0.273246,0.0532484,8.05386e-05,-0.000273699,-0.273327,-3.44018e-05,5.22396e-06,-3.42523e-05,0.000154633,-1.4955e-07,-0.000149409,
16.7238,4.88555e-05,1.51968e-06,4.88695e-05,6.09528e-06,-1.39687e-08,-4.5756e-06,-1.57038,-0.0253375,-1.57035,-0.00104609,-2.43199e-05,-0.0242914,-0.045092,0.245842,-0.0453382,-1.07562e-05,0.000246129,0.245853,-1.52821,-0.255303,-1.52796,-6.42497e-05,-0.000255526,-0.255239,0.0476462,-0.260131,0.0479067,7.82267e-05,-0.000260502,-0.260209,-3.43e-05,4.97321e-06,-3.41497e-05,0.000155098,-1.50258e-07,-0.000150125,
16.7837,4.88853e-05,1.4576e-06,4.88972e-05,4.41325e-06,-1.19135e-08,-2.95565e-06,-1.57087,-0.0243024,-1.57085,-0.000981767,-2.33445e-05,-0.0233206,-0.0402786,0.235799,-0.0405146,-1.01726e-05,0.000236041,0.235809,-1.53321,-0.244873,-1.53296,-6.60841e-05,-0.000245048,-0.244807,0.0425529,-0.249504,0.0428028,7.60238e-05,-0.000249825,-0.24958,-3.42026e-05,4.77004e-06,-3.40517e-05,0.000155546,-1.50902e-07,-0.000150776,
